Form_ID,Document_type,Form_date_completion,Form_status,e_verify_result,Doc_exp_date,Doc_No,ID_Emp
5186-2797-0752,Driving_License,2024/08/27,In Progress,Fail,2030/01/23,100-qhc-0223,60-0072641
4924-8981-8623,Passport,2024/04/18,In Progress,Pass,2030/01/25,988-qya-5589,44-4165602
3449-1701-1418,social security card,2024/03/18,Completed,Pass,2030/01/23,946-nae-9854,84-9358758
4262-3868-3154,social security card,2024/08/02,Completed,Pass,2030/08/01,331-fwz-7796,18-6355086
9964-3803-1910,Passport,2024/05/28,In Progress,Fail,2030/04/04,721-cuy-9522,84-1648594
5809-5957-4845,social security card,2024/02/16,Completed,Pass,2030/11/10,871-rmn-9628,59-0617453
0756-3138-9278,Aadhar_Card,2024/12/30,In Progress,Pass,2030/10/06,901-nub-4464,12-6766175
6056-1859-1571,Driving_License,2024/12/14,Completed,Fail,2030/01/13,045-jbj-0032,77-2438406
3250-5956-1605,PAN_Card,2024/01/31,In Progress,Fail,2030/12/20,409-wxr-0043,57-0750334
2278-8588-7243,social security card,2024/05/26,Completed,Pass,2030/11/28,102-org-6590,71-0694976
7047-0109-6528,Aadhar_Card,2024/05/08,In Progress,Pass,2030/07/27,214-kgq-0853,96-4606061
9639-4786-9411,PAN_Card,2024/03/19,Completed,Pass,2030/12/25,040-kht-2477,08-9785025
4764-4132-3953,Aadhar_Card,2024/12/15,Completed,Fail,2030/09/18,762-zvr-6181,57-9286794
3817-4109-9248,Passport,2024/08/07,In Progress,Pass,2030/10/22,128-eiq-9385,73-3959052
5758-9963-9973,PAN_Card,2024/05/10,Completed,Pass,2030/01/17,887-ymg-8545,29-4197248
2609-2735-2288,social security card,2024/10/11,Completed,Fail,2030/10/17,429-txc-8589,74-2182640
0176-5472-7875,PAN_Card,2024/11/30,Completed,Fail,2030/11/20,608-bcc-4866,46-7778802
0937-5727-4233,Driving_License,2024/09/26,In Progress,Pass,2030/09/18,068-sez-6917,79-5397271
5897-5449-2845,Passport,2024/04/30,Completed,Pass,2030/04/01,027-adg-9736,29-8278968
2199-6628-8224,PAN_Card,2024/05/24,In Progress,Fail,2030/02/09,036-kwg-5097,61-0839384
1061-9564-5490,PAN_Card,2024/06/17,In Progress,Fail,2030/07/30,259-wrj-6118,78-6088349
9514-4190-1790,PAN_Card,2024/11/06,Completed,Fail,2030/09/14,524-bus-0557,30-1350446
2160-7440-5519,Passport,2024/04/18,In Progress,Pass,2030/03/27,139-rcf-5435,54-4248611
4242-3524-7216,social security card,2024/11/23,In Progress,Pass,2030/04/22,246-wja-1277,45-2784484
7185-6694-2321,Passport,2024/10/29,Completed,Fail,2030/07/01,770-jcf-5150,77-9466328
5448-2137-0894,Aadhar_Card,2024/08/05,In Progress,Fail,2030/03/16,135-svp-1135,97-3370904
2712-9095-3725,Driving_License,2024/12/20,In Progress,Pass,2030/03/03,296-wfa-7758,53-7192989
4931-3503-5432,Driving_License,2024/08/11,In Progress,Fail,2030/02/01,124-yku-7482,06-5285518
6797-1727-1852,social security card,2024/07/27,Completed,Fail,2030/05/06,968-frq-4331,43-0732864
0272-6656-9071,Passport,2024/01/20,Completed,Pass,2030/03/28,176-atc-8137,09-2099123
8201-7694-2458,PAN_Card,2024/11/14,In Progress,Fail,2030/06/01,492-rah-1700,21-9329615
0105-9805-9682,Aadhar_Card,2024/10/05,Completed,Fail,2030/06/03,566-gxv-7985,65-9140698
7945-2547-3628,Aadhar_Card,2024/02/12,In Progress,Pass,2030/04/30,360-xdo-0254,26-3623073
7085-0611-5625,PAN_Card,2024/11/28,Completed,Pass,2030/02/18,859-mgv-1177,98-3711077
7292-3245-0337,social security card,2024/11/21,Completed,Fail,2030/01/22,914-wao-9284,36-2680229
7635-6604-4092,social security card,2024/03/07,Completed,Fail,2030/06/09,122-ccy-0979,91-6919554
1328-1271-3295,Aadhar_Card,2024/02/26,Completed,Pass,2030/03/24,490-mga-8849,15-2743010
7641-9820-1116,Aadhar_Card,2024/01/17,Completed,Pass,2030/06/11,741-xpz-3664,41-8288667
6457-2865-0799,PAN_Card,2024/10/03,In Progress,Fail,2030/04/10,618-dgp-0153,60-0624784
8800-1602-4160,PAN_Card,2024/08/28,In Progress,Fail,2030/04/21,768-hzy-4631,85-5248387
8159-6245-7120,PAN_Card,2024/08/29,Completed,Fail,2030/05/15,567-umh-3597,04-4182764
7232-7583-5673,PAN_Card,2024/06/29,In Progress,Fail,2030/01/22,470-wqy-4902,49-4157383
7616-9856-5952,Driving_License,2024/11/19,Completed,Pass,2030/09/20,661-huz-2026,33-6712491
0171-8352-3341,Driving_License,2024/12/06,In Progress,Fail,2030/10/28,610-guw-7388,19-6336953
5625-5071-8482,Passport,2024/02/25,Completed,Pass,2030/10/20,075-yia-4625,10-9746142
0372-4420-3053,social security card,2024/07/24,In Progress,Fail,2030/11/22,490-qfi-1171,23-9033050
1727-1195-1108,Driving_License,2024/05/10,In Progress,Fail,2030/06/26,090-axy-9259,62-7447665
5379-1796-5965,PAN_Card,2024/06/22,In Progress,Fail,2030/04/30,814-bvj-2141,83-0057557
3374-8226-5373,Driving_License,2024/08/05,Completed,Pass,2030/09/12,951-ehh-6161,60-1670702
7644-4996-5386,social security card,2024/02/09,Completed,Fail,2030/11/18,568-uqf-8836,73-4685275
3391-5700-4889,Aadhar_Card,2024/01/05,Completed,Fail,2030/10/12,343-uqt-9800,88-9565952
7831-5687-3658,social security card,2024/11/06,In Progress,Pass,2030/05/27,159-etb-7555,10-5387783
3272-5648-7564,Passport,2024/01/30,In Progress,Fail,2030/12/25,336-skm-6859,43-1373735
7969-6726-8554,social security card,2024/01/27,In Progress,Fail,2030/08/11,974-ejs-2007,47-2919828
7227-5730-4938,PAN_Card,2024/07/12,Completed,Fail,2030/03/01,955-byb-9698,95-4689588
1639-8293-3840,Passport,2024/03/08,In Progress,Fail,2030/02/26,427-utm-4317,11-4682792
5336-1684-1814,social security card,2024/08/31,Completed,Pass,2030/06/03,388-iil-1146,69-6603143
6923-8584-7166,Aadhar_Card,2024/12/18,Completed,Fail,2030/07/16,756-yhc-5989,03-0544646
2803-5056-7552,Driving_License,2024/09/28,Completed,Fail,2030/11/17,115-eco-4121,05-2327409
1245-4449-2483,Driving_License,2024/05/02,Completed,Fail,2030/09/29,700-nyp-2172,52-3391334
3969-9317-5961,Passport,2024/10/13,Completed,Fail,2030/09/30,804-flw-3150,47-3961650
5270-4984-5458,PAN_Card,2024/05/04,In Progress,Pass,2030/02/10,458-iqg-0879,65-4721034
9295-3307-1927,Aadhar_Card,2024/02/01,Completed,Fail,2030/07/22,939-pjx-1725,89-3472828
5608-6282-1449,Passport,2024/06/05,In Progress,Pass,2030/02/27,178-nlp-4071,83-3912793
8377-6453-2083,Aadhar_Card,2024/03/23,Completed,Pass,2030/06/12,170-khe-0580,70-9999655
3973-9222-2359,Passport,2024/05/16,In Progress,Fail,2030/03/30,138-oyb-7120,80-4478106
0518-9867-1038,social security card,2024/05/22,In Progress,Fail,2030/06/10,133-xct-6239,21-9287684
6263-8047-7600,Aadhar_Card,2024/08/29,In Progress,Fail,2030/10/31,220-lvr-2567,25-4588942
8440-6335-9974,Driving_License,2024/08/22,Completed,Fail,2030/12/02,919-hll-7313,55-4157008
7173-1333-7012,social security card,2024/04/15,In Progress,Pass,2030/02/24,596-dve-4320,28-1702420
0559-0937-9623,Driving_License,2024/07/20,In Progress,Pass,2030/02/25,909-nzh-1089,64-5519077
0546-5570-0202,social security card,2024/12/31,Completed,Fail,2030/08/16,020-vft-6077,46-2944888
7489-4513-0937,PAN_Card,2024/02/26,Completed,Pass,2030/05/05,566-evt-9106,64-8437514
5189-5331-5904,social security card,2024/08/24,In Progress,Fail,2030/01/26,524-dav-8553,27-8043311
6931-0599-7266,Aadhar_Card,2024/12/04,In Progress,Pass,2030/10/28,304-qxf-1020,56-8924839
2748-8847-6956,Passport,2024/08/27,In Progress,Fail,2030/03/18,956-mqn-9126,46-0865800
7784-0661-7132,Aadhar_Card,2024/10/26,In Progress,Pass,2030/09/21,644-gbz-7721,64-2060927
8017-7167-1041,social security card,2024/05/05,In Progress,Fail,2030/04/14,357-fhh-8079,21-7445378
8096-9281-5488,PAN_Card,2024/05/18,Completed,Pass,2030/06/15,415-oas-7741,35-6535507
0837-2005-4353,PAN_Card,2024/10/24,In Progress,Fail,2030/09/14,213-vaf-0906,22-3797420
4635-0802-1103,PAN_Card,2024/02/13,Completed,Pass,2030/07/26,344-nbk-8857,29-3150135
4127-2237-0955,Passport,2024/01/12,Completed,Pass,2030/05/05,419-qgv-7924,63-4940207
2772-6350-1630,Driving_License,2024/10/26,In Progress,Fail,2030/09/26,746-war-9141,48-3288104
4620-4433-0688,PAN_Card,2024/02/23,Completed,Fail,2030/05/16,840-nfs-1609,53-7480027
4991-7002-5568,Driving_License,2024/10/14,Completed,Fail,2030/12/17,882-vqf-6442,12-2326373
0423-3194-6689,PAN_Card,2024/09/23,In Progress,Fail,2030/12/17,233-zyd-6707,68-8080133
0271-5659-6678,Aadhar_Card,2024/11/30,In Progress,Fail,2030/07/07,770-bbr-7656,65-1941246
9747-2247-6498,social security card,2024/06/12,Completed,Fail,2030/06/03,533-hto-3486,98-4134438
2257-4633-4748,Passport,2024/02/11,In Progress,Fail,2030/04/15,608-frd-2825,74-0844980
5315-7728-8126,social security card,2024/04/06,In Progress,Pass,2030/07/30,834-pwc-9628,03-8140671
0524-0985-9297,Aadhar_Card,2024/05/08,In Progress,Pass,2030/08/29,994-twm-6920,35-6140745
4037-7017-5791,Passport,2024/10/21,Completed,Pass,2030/06/08,393-ser-9899,36-4898344
0025-9382-8823,Aadhar_Card,2024/02/19,In Progress,Fail,2030/01/20,800-hgx-8459,55-8317389
8244-9412-5641,Driving_License,2024/02/09,In Progress,Pass,2030/11/01,471-mgl-2253,33-4750058
0631-6511-5228,Passport,2024/09/09,Completed,Fail,2030/04/02,135-ksc-8869,66-9226110
3994-8167-8470,Driving_License,2024/04/17,In Progress,Pass,2030/07/19,787-kza-3077,04-8859652
0945-6903-9149,social security card,2024/03/25,In Progress,Pass,2030/12/20,311-bic-3424,77-8912386
3232-1698-6614,Passport,2024/12/02,Completed,Fail,2030/07/10,171-myi-5190,57-9269464
1935-7568-5738,Aadhar_Card,2024/06/11,In Progress,Pass,2030/08/27,334-cqj-2697,66-8436321
8111-5490-4858,PAN_Card,2024/12/26,In Progress,Fail,2030/07/27,984-bvf-0887,20-8619088
2562-8853-6056,social security card,2024/02/05,Completed,Fail,2030/10/20,337-tcv-3517,15-8690762
1052-4824-3943,social security card,2024/11/26,Completed,Pass,2030/03/28,691-ttl-8559,43-6123682
3092-2369-3749,PAN_Card,2024/11/28,In Progress,Pass,2030/01/25,572-esr-2209,46-2417741
8366-0081-7150,Driving_License,2024/07/16,Completed,Pass,2030/07/14,422-geq-2380,31-0709019
9091-5642-0623,PAN_Card,2024/12/24,Completed,Pass,2030/01/13,985-kry-3541,31-5142691
0052-7681-1665,Driving_License,2024/07/12,Completed,Pass,2030/09/10,866-ycd-8399,91-9942446
0955-9670-6744,social security card,2024/07/05,In Progress,Fail,2030/10/24,408-zrc-8247,28-8240973
2910-4781-3457,Passport,2024/10/28,In Progress,Pass,2030/07/31,673-bnr-5293,89-6443431
3475-9725-3319,Driving_License,2024/07/21,In Progress,Fail,2030/08/31,947-opd-4745,04-0972898
4431-4010-2335,social security card,2024/06/26,Completed,Fail,2030/10/01,488-ets-6490,46-8186671
0258-2507-6241,PAN_Card,2024/08/08,Completed,Fail,2030/08/19,774-ibk-5107,23-0186992
5914-0774-1447,Passport,2024/11/24,In Progress,Fail,2030/03/17,820-djq-4143,32-8310974
4488-3511-1689,Aadhar_Card,2024/04/15,Completed,Pass,2030/08/23,035-frz-4919,63-8371401
8997-7678-1337,Driving_License,2024/10/09,Completed,Pass,2030/09/15,961-qsj-0447,91-0259327
8477-9174-3506,Driving_License,2024/06/08,In Progress,Fail,2030/08/03,926-edk-2549,57-1848560
0612-1349-0725,Driving_License,2024/07/17,In Progress,Pass,2030/08/02,286-slv-4052,99-4897035
6154-5161-9691,Passport,2024/07/14,In Progress,Pass,2030/04/24,518-uto-4587,49-6949661
4491-4151-3452,Driving_License,2024/11/16,Completed,Fail,2030/11/26,848-fvy-1426,08-4392602
9789-0251-1411,Driving_License,2024/03/27,Completed,Fail,2030/07/28,263-ekh-1063,56-5233205
7110-6808-6914,Passport,2024/12/24,In Progress,Fail,2030/06/20,224-ymi-6602,95-3815056
2757-7294-2459,Aadhar_Card,2024/12/21,Completed,Fail,2030/08/22,840-xkc-2076,60-5498467
2661-1160-9281,social security card,2024/04/09,In Progress,Pass,2030/10/27,420-xfa-1331,75-2224109
2958-0803-0402,Aadhar_Card,2024/01/16,In Progress,Pass,2030/10/15,782-udm-2756,70-7774423
4948-7133-5570,PAN_Card,2024/08/16,Completed,Fail,2030/07/18,947-hbv-6267,46-3871743
0977-3835-2277,social security card,2024/05/16,Completed,Pass,2030/01/10,161-mkp-9062,44-2140216
1683-7025-9787,Driving_License,2024/07/22,Completed,Pass,2030/03/27,513-nqk-7576,93-1159834
9399-2452-4440,Driving_License,2024/01/28,In Progress,Pass,2030/03/28,626-ref-5106,51-2726976
9920-0023-2588,PAN_Card,2024/01/19,Completed,Fail,2030/01/09,949-sps-1627,63-2590475
0361-8961-9932,Aadhar_Card,2024/03/14,In Progress,Fail,2030/07/07,800-wrr-4911,55-9499458
9156-0413-9039,Passport,2024/03/21,In Progress,Fail,2030/10/05,855-ksc-6254,75-3289019
5372-2445-6920,Aadhar_Card,2024/11/16,In Progress,Fail,2030/03/29,653-dyx-0201,19-6873473
6744-7757-9733,PAN_Card,2024/12/03,In Progress,Pass,2030/04/20,151-ngm-2465,40-0293446
6989-2353-8768,social security card,2024/04/09,Completed,Pass,2030/08/07,468-bji-7874,36-0073613
5110-2482-6732,Passport,2024/08/21,Completed,Fail,2030/06/05,206-rum-5508,53-9521614
0485-8625-4997,Aadhar_Card,2024/10/26,Completed,Fail,2030/11/27,467-zkj-0149,12-2297933
5910-2578-2880,PAN_Card,2024/08/30,In Progress,Pass,2030/07/20,194-lwh-6196,34-3315582
5357-8629-4843,social security card,2024/03/29,In Progress,Pass,2030/06/12,729-uni-5801,59-2976077
6576-9133-3551,PAN_Card,2024/12/11,Completed,Fail,2030/05/19,934-bcv-3608,94-2828396
9329-3905-9404,Driving_License,2024/06/20,Completed,Pass,2030/01/07,689-lnt-8043,02-1102050
2285-8919-3287,Driving_License,2024/04/20,In Progress,Fail,2030/05/04,419-slh-0026,56-1505536
5117-3968-5942,social security card,2024/01/07,In Progress,Pass,2030/07/16,981-dgj-9806,87-6672005
3850-6892-6625,Passport,2024/07/11,In Progress,Pass,2030/11/20,204-ltg-2921,99-9945681
9631-4604-7034,PAN_Card,2024/05/27,In Progress,Fail,2030/10/31,575-jst-5208,41-2209044
7823-8702-6121,PAN_Card,2024/06/23,In Progress,Fail,2030/06/19,426-jrk-4751,05-3650385
2927-3945-8677,Passport,2024/10/18,In Progress,Pass,2030/05/01,736-lla-1950,66-9090100
3839-2306-4260,Aadhar_Card,2024/05/22,Completed,Pass,2030/08/31,710-khp-5417,82-3006284
2937-6189-5645,Driving_License,2024/06/03,Completed,Fail,2030/11/07,288-axv-9187,53-8323129
1781-6291-8311,social security card,2024/09/19,In Progress,Pass,2030/04/04,177-uhq-8941,85-9472655
0949-9006-1446,Aadhar_Card,2024/02/08,In Progress,Fail,2030/12/25,091-vga-4336,49-0225594
0636-2789-9516,Aadhar_Card,2024/05/17,In Progress,Pass,2030/02/22,651-shf-5958,87-6415779
0420-9264-0448,Driving_License,2024/07/08,In Progress,Fail,2030/08/14,987-hhx-1275,51-4175135
3296-0749-9962,PAN_Card,2024/03/15,In Progress,Pass,2030/02/22,264-kjj-3378,95-6729273
7652-9200-5750,Driving_License,2024/03/26,In Progress,Fail,2030/12/10,170-crl-0672,83-4387916
9608-0085-8910,PAN_Card,2024/05/18,In Progress,Fail,2030/03/16,831-zmw-5966,84-2251087
0371-0083-6440,Aadhar_Card,2024/07/30,Completed,Fail,2030/04/09,322-dcn-8026,74-1559220
6553-5913-4081,Passport,2024/12/06,Completed,Pass,2030/08/26,168-ilz-8008,93-8748464
9907-6785-0183,social security card,2024/11/27,In Progress,Pass,2030/08/08,898-amx-5130,12-1482102
6802-3238-0315,PAN_Card,2024/04/20,In Progress,Pass,2030/10/22,918-ovf-0518,22-7125544
2670-6765-2945,Aadhar_Card,2024/08/12,In Progress,Pass,2030/06/29,346-acc-2574,97-3785829
0818-3187-1923,Aadhar_Card,2024/11/20,Completed,Pass,2030/08/14,835-njw-8004,83-7412141
2887-2723-1087,Passport,2024/06/16,In Progress,Pass,2030/10/03,973-ijl-3153,06-0126426
7593-3654-0816,PAN_Card,2024/10/09,In Progress,Fail,2030/06/19,694-uks-7820,69-9387959
9996-1500-7627,social security card,2024/09/02,Completed,Fail,2030/09/01,093-unh-9170,64-9343271
9118-3812-1762,Passport,2024/03/05,In Progress,Pass,2030/05/07,486-wzz-4151,40-6110293
4928-3791-2916,Passport,2024/11/03,Completed,Fail,2030/06/07,749-yrt-9713,24-4522572
7597-7125-2745,PAN_Card,2024/08/04,In Progress,Fail,2030/06/26,020-daa-6880,88-9784508
1243-5117-3667,social security card,2024/04/11,Completed,Pass,2030/11/08,655-zbj-8578,20-6121599
0821-7724-0647,Passport,2024/08/16,In Progress,Pass,2030/09/17,934-zuu-4579,91-0119759
7866-4313-8488,Aadhar_Card,2024/08/16,Completed,Pass,2030/12/30,886-ter-5033,47-4183025
2287-5364-9955,Driving_License,2024/08/18,In Progress,Pass,2030/08/28,405-ect-2454,92-8293273
5713-3630-9898,Passport,2024/06/03,Completed,Pass,2030/01/23,783-lrf-0089,42-2356508
3071-0684-8306,PAN_Card,2024/07/23,In Progress,Fail,2030/06/20,591-hcx-5976,61-8188939
5827-8061-6844,PAN_Card,2024/12/29,Completed,Pass,2030/05/21,888-kcw-4437,57-3496085
3400-1542-4497,Passport,2024/12/19,In Progress,Fail,2030/08/01,652-fdm-1107,67-5577640
7266-5452-3182,Passport,2024/11/09,In Progress,Fail,2030/04/26,969-gqp-5348,07-6058090
3503-9781-3733,social security card,2024/09/23,In Progress,Pass,2030/03/22,143-nrw-3933,35-2110798
9040-3396-3517,PAN_Card,2024/12/20,In Progress,Pass,2030/09/08,631-tfz-0883,71-7573723
9118-6326-6238,Passport,2024/07/01,In Progress,Pass,2030/04/14,762-hud-5053,46-6337120
7897-7377-7798,social security card,2024/08/07,In Progress,Fail,2030/03/11,122-bof-1747,05-9512595
3992-1605-9728,PAN_Card,2024/07/22,Completed,Fail,2030/11/19,461-ehp-7787,58-9894185
3889-1455-4460,Passport,2024/02/15,In Progress,Pass,2030/11/13,713-eib-5052,68-6363381
1346-9610-7790,Aadhar_Card,2024/08/27,In Progress,Pass,2030/03/01,910-wnx-3436,20-7405506
6392-4141-7282,Aadhar_Card,2024/06/05,Completed,Fail,2030/01/03,652-pzi-2525,14-7809214
0708-3823-8741,PAN_Card,2024/10/19,In Progress,Fail,2030/09/06,909-cix-4176,90-0495025
7958-5946-6762,PAN_Card,2024/12/29,In Progress,Fail,2030/08/27,055-adx-2452,03-6875503
9865-0589-2070,PAN_Card,2024/06/22,In Progress,Fail,2030/09/10,362-eiw-9859,46-0895486
1472-1542-3570,Aadhar_Card,2024/05/16,In Progress,Fail,2030/07/16,968-hhq-6743,51-7734648
0738-4861-3047,Driving_License,2024/09/02,In Progress,Pass,2030/05/21,142-uyn-9398,84-3075243
1151-9455-2248,Aadhar_Card,2024/07/06,Completed,Fail,2030/08/22,502-psl-4915,72-4606121
1956-1006-4998,Driving_License,2024/03/16,In Progress,Fail,2030/12/06,612-etd-2214,14-7872895
2454-8645-3287,Passport,2024/03/04,Completed,Fail,2030/04/20,770-ppb-3636,25-3495869
7120-8150-1108,Driving_License,2024/12/19,Completed,Fail,2030/05/14,114-dus-2333,59-6358310
2492-6741-1037,Aadhar_Card,2024/03/16,Completed,Fail,2030/12/01,457-nof-3088,15-7941967
4247-9101-5046,Aadhar_Card,2024/02/06,In Progress,Fail,2030/10/28,874-yco-5453,99-9396819
2487-3007-1903,Aadhar_Card,2024/10/02,In Progress,Fail,2030/10/10,101-aos-4223,30-9379257
3841-0513-1545,PAN_Card,2024/01/10,In Progress,Pass,2030/06/11,277-nfc-5881,43-0927724
0843-6437-0787,Aadhar_Card,2024/12/20,Completed,Fail,2030/02/09,694-csx-3117,31-3513143
6216-5472-4659,PAN_Card,2024/05/31,Completed,Pass,2030/02/23,517-uzt-8588,96-8075243
8908-7161-7004,Aadhar_Card,2024/02/05,Completed,Fail,2030/07/22,672-xcq-8948,11-2335245
0630-7950-0158,Aadhar_Card,2024/06/04,Completed,Pass,2030/09/24,099-hnd-6659,01-0787846
1046-9656-2961,Aadhar_Card,2024/01/26,In Progress,Fail,2030/06/28,102-yhj-2367,22-1905728
7297-8226-5255,PAN_Card,2024/04/26,In Progress,Pass,2030/03/01,699-ktt-2170,28-5967997
3861-2485-2853,PAN_Card,2024/07/30,In Progress,Pass,2030/06/24,142-hov-0202,04-9709088
7198-6812-7812,Driving_License,2024/09/15,Completed,Fail,2030/06/19,287-tje-2680,12-5015790
0089-9468-5652,Driving_License,2024/12/12,In Progress,Pass,2030/02/21,506-eeb-4808,14-2087303
5625-2012-0448,Aadhar_Card,2024/02/14,In Progress,Fail,2030/04/22,487-cof-0766,37-7968011
6183-1564-6748,social security card,2024/10/25,Completed,Pass,2030/03/26,518-mje-5147,46-1682144
4064-1613-5109,Aadhar_Card,2024/05/29,In Progress,Fail,2030/01/28,590-ush-9203,11-3970123
9664-7579-6913,PAN_Card,2024/07/19,Completed,Fail,2030/12/26,974-mtw-2958,04-3940040
5534-0687-1890,social security card,2024/09/03,In Progress,Pass,2030/09/07,808-mew-8792,30-8796579
0139-4305-8020,Passport,2024/12/09,Completed,Pass,2030/09/07,573-nmq-5498,85-5727946
2877-2713-5366,Aadhar_Card,2024/01/02,Completed,Fail,2030/04/24,600-dgy-9228,89-2706055
7736-1927-7222,PAN_Card,2024/11/25,Completed,Fail,2030/04/09,904-rvy-5791,88-6239645
0319-4991-3725,Aadhar_Card,2024/06/21,Completed,Fail,2030/07/13,342-vgi-0762,98-4363866
0828-0454-1034,PAN_Card,2024/02/14,Completed,Fail,2030/01/15,351-crb-6157,81-3308255
1185-5069-8616,Aadhar_Card,2024/11/02,Completed,Fail,2030/06/18,008-xkb-3071,88-7209169
2816-5560-0864,PAN_Card,2024/03/05,In Progress,Pass,2030/04/22,151-uxw-7664,21-1306698
6366-2006-0961,PAN_Card,2024/08/30,In Progress,Fail,2030/02/10,796-yfu-1682,44-6579352
9567-4948-6451,Driving_License,2024/05/02,Completed,Pass,2030/10/22,019-zie-0408,06-8235058
4336-5642-9017,Passport,2024/12/19,In Progress,Pass,2030/08/23,943-ztz-6630,81-5610709
9401-5074-6098,Passport,2024/09/14,In Progress,Pass,2030/10/12,992-qav-8107,81-2386986
1040-3437-3835,social security card,2024/12/26,In Progress,Pass,2030/04/11,297-txi-1566,08-4582174
8166-9081-6943,Passport,2024/12/11,Completed,Fail,2030/02/06,293-sal-6679,26-0229798
0890-8484-6451,Passport,2024/07/11,In Progress,Fail,2030/05/05,774-nlx-3275,08-4115010
3733-6506-6201,Passport,2024/08/20,Completed,Fail,2030/11/27,124-qfp-3011,63-5455243
2510-2369-6673,PAN_Card,2024/10/13,In Progress,Pass,2030/01/27,809-vfr-5596,09-7776954
8513-5106-4620,Aadhar_Card,2024/01/09,Completed,Pass,2030/01/16,113-ucy-6686,20-4668183
5337-2806-8351,Passport,2024/11/26,In Progress,Pass,2030/01/31,691-qds-8166,68-3525954
6492-9672-0763,PAN_Card,2024/07/13,Completed,Fail,2030/09/06,689-bvq-9915,54-9483157
2026-1303-9948,Driving_License,2024/04/27,Completed,Fail,2030/05/17,084-exr-3811,93-2675830
4762-2946-0419,Aadhar_Card,2024/12/19,In Progress,Fail,2030/03/11,661-din-7918,61-0596955
1422-6252-1654,PAN_Card,2024/10/12,Completed,Pass,2030/02/24,690-khf-1914,40-9236764
0069-3351-8690,social security card,2024/10/14,In Progress,Fail,2030/06/06,575-vtn-9316,85-0828168
0020-2680-8136,Passport,2024/05/14,Completed,Pass,2030/09/03,855-jrp-3641,64-9448194
6039-4887-1557,Aadhar_Card,2024/06/26,In Progress,Fail,2030/11/29,852-rtp-1649,66-4334981
9262-3847-2468,PAN_Card,2024/03/05,Completed,Fail,2030/09/11,319-lco-3745,06-4370596
5848-1849-3702,Driving_License,2024/01/18,Completed,Pass,2030/01/02,169-hgc-5537,93-2113545
4766-3893-0543,PAN_Card,2024/10/02,In Progress,Pass,2030/11/16,156-tyi-4940,79-7612485
5237-8119-0123,Driving_License,2024/09/19,In Progress,Pass,2030/01/20,071-laq-2617,91-8304725
9036-5206-7592,Aadhar_Card,2024/11/30,In Progress,Pass,2030/06/25,113-tmo-3235,66-2512015
3125-4147-8690,Driving_License,2024/02/20,In Progress,Fail,2030/08/19,942-wch-1550,82-9219500
6165-8810-6113,Aadhar_Card,2024/07/29,In Progress,Pass,2030/08/27,134-mkn-8086,84-3760036
1680-4918-1192,Passport,2024/09/25,In Progress,Pass,2030/12/26,093-blc-9848,77-3759343
1594-2957-5713,Passport,2024/09/21,In Progress,Pass,2030/06/04,886-ewb-2486,63-6743319
7393-0936-5249,social security card,2024/12/18,Completed,Pass,2030/01/10,945-rit-0429,29-1333016
2317-8386-4894,social security card,2024/06/11,Completed,Fail,2030/08/07,915-ybx-2254,22-1911057
3752-4005-6993,PAN_Card,2024/09/09,Completed,Pass,2030/06/14,343-maf-8047,77-9452575
3542-0676-8463,Aadhar_Card,2024/01/21,Completed,Pass,2030/12/28,629-ibm-5401,63-1709423
8917-2492-5684,Aadhar_Card,2024/01/19,Completed,Fail,2030/01/24,389-yyq-4590,41-0162900
9458-8994-5281,social security card,2024/08/14,In Progress,Pass,2030/02/07,666-tca-9885,72-8164997
1179-8281-4061,PAN_Card,2024/01/21,In Progress,Fail,2030/09/25,239-yiz-8052,05-9441902
2651-4985-2003,social security card,2024/11/26,In Progress,Fail,2030/09/08,309-lvu-8999,10-7050633
9306-8450-7767,Aadhar_Card,2024/06/25,In Progress,Pass,2030/08/27,687-ykl-4387,50-7520952
8198-4622-0865,Driving_License,2024/05/01,Completed,Pass,2030/08/26,205-msw-1102,18-4170118
8466-8309-8438,Aadhar_Card,2024/12/13,Completed,Fail,2030/01/15,951-xdx-6445,37-2076993
3317-2901-6861,Aadhar_Card,2024/02/25,In Progress,Pass,2030/04/28,542-jzm-7900,69-1664474
0218-7814-9832,Passport,2024/08/13,Completed,Fail,2030/10/08,906-dho-9022,82-5774053
3683-9341-6460,Aadhar_Card,2024/04/19,Completed,Pass,2030/11/11,452-vgu-6111,04-1032423
7821-1947-3116,Aadhar_Card,2024/05/29,In Progress,Fail,2030/07/02,346-vby-3461,79-6145904
5694-2124-1881,Passport,2024/10/23,Completed,Pass,2030/02/01,147-xln-6694,25-0573343
6630-7562-7298,PAN_Card,2024/04/05,In Progress,Fail,2030/07/19,417-yrk-6052,46-8355705
3579-4819-8947,Passport,2024/12/24,Completed,Fail,2030/09/08,425-psw-9577,73-7743530
1419-0833-8619,social security card,2024/12/15,Completed,Pass,2030/04/26,976-gth-1621,84-9742706
8900-8658-6418,social security card,2024/02/21,In Progress,Pass,2030/04/23,295-qif-0493,13-7226912
8603-4462-2631,social security card,2024/09/14,In Progress,Pass,2030/12/09,071-sse-3772,67-0647672
5624-9393-0860,Aadhar_Card,2024/08/09,In Progress,Pass,2030/09/08,282-yby-3150,39-2696977
2652-3993-9096,social security card,2024/04/30,Completed,Fail,2030/12/08,624-bin-0932,49-4769403
4122-7489-8265,PAN_Card,2024/05/10,Completed,Pass,2030/12/16,443-rlj-9357,42-5851152
5838-0630-4578,social security card,2024/06/06,In Progress,Pass,2030/09/21,502-igu-1359,33-7529107
1676-2149-5109,Aadhar_Card,2024/02/23,Completed,Pass,2030/11/12,335-atv-3807,86-1668122
4218-7598-1245,Driving_License,2024/06/01,In Progress,Pass,2030/08/06,277-hzt-5421,81-2363964
6252-2633-9186,Driving_License,2024/05/28,Completed,Fail,2030/10/15,461-rdw-6030,44-6708232
2055-2830-8878,Aadhar_Card,2024/07/26,Completed,Fail,2030/10/03,682-ioj-6292,35-7399777
2763-0179-5798,Driving_License,2024/03/17,In Progress,Fail,2030/06/30,458-xdh-0908,22-5973136
0062-6331-1823,Aadhar_Card,2024/12/07,In Progress,Pass,2030/08/14,621-xwg-6952,79-1240919
6932-1790-6739,Passport,2024/03/28,Completed,Fail,2030/01/17,068-iyl-7782,22-6751467
1823-1857-9756,Passport,2024/10/30,In Progress,Fail,2030/10/29,749-omy-5688,42-2679778
9891-1434-6106,Passport,2024/08/04,Completed,Pass,2030/10/10,843-zxz-1966,98-3948945
4104-1093-7558,social security card,2024/06/14,Completed,Fail,2030/10/26,141-pog-1938,02-0627826
4856-2425-5041,Passport,2024/04/12,Completed,Pass,2030/05/04,289-lvq-6858,89-2107547
7051-1160-2304,Aadhar_Card,2024/11/06,Completed,Fail,2030/07/27,969-ezp-9080,29-8232062
0379-6015-0453,Passport,2024/04/26,In Progress,Pass,2030/10/17,202-lxc-0198,85-5779114
8471-1181-6093,PAN_Card,2024/08/18,Completed,Pass,2030/06/16,064-jlw-6104,12-0826553
2868-9020-2346,Aadhar_Card,2024/10/30,In Progress,Fail,2030/03/04,517-ylg-4944,43-3010946
1764-1687-2984,Passport,2024/10/14,In Progress,Pass,2030/12/19,579-ppd-4995,70-4480925
0991-5310-9731,Aadhar_Card,2024/09/22,Completed,Pass,2030/08/20,420-ixl-9739,74-7284225
5335-4138-2202,social security card,2024/07/22,Completed,Pass,2030/06/29,465-fkz-3849,94-5760396
3020-8992-4774,Driving_License,2024/04/16,In Progress,Pass,2030/12/14,694-ekl-6685,20-5614780
3416-3900-7029,Aadhar_Card,2024/11/05,In Progress,Pass,2030/06/08,375-xah-0496,90-8643321
1017-9577-2549,Driving_License,2024/09/30,Completed,Fail,2030/07/02,604-rcj-2292,34-8272039
6781-9257-8758,social security card,2024/06/21,Completed,Fail,2030/06/05,716-vow-4254,06-5221763
6431-1823-6177,PAN_Card,2024/04/05,Completed,Fail,2030/07/16,111-zqu-2893,27-8494960
0537-9243-0528,Aadhar_Card,2024/02/06,Completed,Fail,2030/07/12,231-sji-8246,25-6200527
2678-9953-7428,Driving_License,2024/10/24,Completed,Fail,2030/06/29,728-evu-5413,16-0184530
7268-7416-8665,PAN_Card,2024/05/02,In Progress,Pass,2030/08/27,164-dat-1497,49-6243533
8466-1328-0092,PAN_Card,2024/03/27,Completed,Pass,2030/11/09,569-qmp-3238,68-9146439
3869-6023-7396,Driving_License,2024/10/02,Completed,Fail,2030/03/04,136-ixn-2308,66-8320898
5253-4840-9619,social security card,2024/07/11,In Progress,Pass,2030/06/29,888-eyv-7254,51-6243184
5247-7805-3777,PAN_Card,2024/09/11,Completed,Fail,2030/08/31,625-ykf-6795,24-2758829
5815-4787-0909,PAN_Card,2024/05/27,In Progress,Fail,2030/04/12,241-luk-7836,07-5876488
4668-6506-6687,Passport,2024/12/20,Completed,Fail,2030/06/21,557-omq-9777,75-7433039
1742-1839-0550,Aadhar_Card,2024/07/01,Completed,Pass,2030/01/01,522-oul-5202,33-4340847
9979-3855-9125,Aadhar_Card,2024/07/13,Completed,Fail,2030/10/16,910-phz-2027,44-3565974
9306-0729-1279,Driving_License,2024/08/05,In Progress,Pass,2030/09/05,622-nnh-8083,79-0793818
0336-7404-0406,Passport,2024/12/08,Completed,Fail,2030/03/20,680-lng-4372,82-7077953
0857-3846-8314,Aadhar_Card,2024/07/19,Completed,Fail,2030/07/28,736-qip-7477,81-4329541
6460-2565-9397,Driving_License,2024/11/05,In Progress,Fail,2030/12/31,760-pxd-1748,48-6533866
9145-7609-1272,Aadhar_Card,2024/10/07,In Progress,Pass,2030/04/02,302-xsn-2067,01-2755259
8764-5595-6491,PAN_Card,2024/12/07,Completed,Fail,2030/07/27,022-fla-2174,77-7443400
8398-5156-8495,Passport,2024/08/16,Completed,Pass,2030/11/05,878-arn-8363,66-9678395
8018-6193-8863,Passport,2024/08/20,In Progress,Pass,2030/10/11,683-pyy-0788,48-7411563
9166-8239-2615,Aadhar_Card,2024/11/09,In Progress,Pass,2030/06/27,931-btl-8401,72-7769270
3260-5541-3228,Driving_License,2024/11/02,Completed,Pass,2030/01/27,751-ulf-6581,65-7995478
7689-7344-7484,social security card,2024/04/12,Completed,Pass,2030/03/08,449-lmq-2338,50-0134608
7985-5806-9019,Aadhar_Card,2024/02/10,In Progress,Pass,2030/09/10,133-hlh-3363,45-4486385
9376-7062-4697,Passport,2024/12/22,Completed,Pass,2030/03/18,933-ica-1117,25-9315311
9386-2085-6371,PAN_Card,2024/06/02,In Progress,Pass,2030/01/29,735-hkd-5523,49-7667008
6461-9679-2786,Aadhar_Card,2024/04/14,Completed,Fail,2030/07/19,603-ykx-0930,44-0926511
1107-6524-5951,Passport,2024/04/04,Completed,Pass,2030/12/14,693-pji-4332,06-6610248
4629-7467-5966,PAN_Card,2024/07/25,In Progress,Pass,2030/02/01,099-ove-8053,46-7827188
6645-3786-4278,Driving_License,2024/10/31,In Progress,Pass,2030/09/13,784-xti-7233,88-3272204
3167-7644-7443,Driving_License,2024/12/31,In Progress,Pass,2030/10/09,144-qrq-1094,73-0980233
5898-5994-4233,Driving_License,2024/07/23,In Progress,Pass,2030/03/18,678-ibk-7967,83-0699169
5324-0140-3868,PAN_Card,2024/05/08,In Progress,Pass,2030/07/22,441-dwg-3179,34-1438644
8817-3011-2969,Passport,2024/06/13,Completed,Fail,2030/06/23,393-zaj-3911,43-8364450
7267-7055-6810,social security card,2024/11/14,Completed,Fail,2030/12/23,451-iyn-9976,27-7865804
4251-6930-6771,Driving_License,2024/10/16,In Progress,Fail,2030/12/09,256-ame-8896,39-0223572
3507-1188-2891,Driving_License,2024/06/24,Completed,Fail,2030/02/17,413-wkp-3147,01-0732864
2662-4459-3344,PAN_Card,2024/06/25,Completed,Fail,2030/03/07,481-hxe-7594,32-8270018
8075-7018-0573,Driving_License,2024/04/05,In Progress,Pass,2030/01/13,045-chg-0076,16-4715550
4264-1146-0631,Aadhar_Card,2024/01/07,In Progress,Fail,2030/09/21,808-zrf-3460,96-6731600
2020-0970-6476,Driving_License,2024/03/06,In Progress,Pass,2030/01/26,510-wcw-5916,10-1439407
3012-1612-7761,PAN_Card,2024/01/27,In Progress,Pass,2030/08/11,565-wyw-8041,52-8090962
3724-0357-9701,social security card,2024/04/09,Completed,Pass,2030/06/27,723-etc-0643,43-6252724
3822-4280-0227,Aadhar_Card,2024/06/02,Completed,Fail,2030/01/09,592-lne-4605,47-8696904
9107-3004-9315,social security card,2024/11/22,Completed,Fail,2030/12/10,880-zke-2661,59-7886176
6852-7540-6723,Aadhar_Card,2024/05/02,Completed,Pass,2030/03/20,675-gvb-0613,75-4940037
2823-5893-6614,Passport,2024/11/10,Completed,Fail,2030/02/26,981-opd-9209,11-9395048
4965-9117-1438,Aadhar_Card,2024/12/17,In Progress,Pass,2030/10/13,451-ohp-9581,01-5915330
1902-9876-0454,Passport,2024/06/25,Completed,Fail,2030/07/05,139-fyn-9045,92-3776369
4645-5297-1954,Aadhar_Card,2024/01/06,Completed,Fail,2030/01/24,170-spn-2519,60-4123760
6651-8516-8238,Driving_License,2024/09/30,In Progress,Fail,2030/08/19,797-wdu-3437,74-4283539
1008-4979-1468,PAN_Card,2024/01/26,Completed,Fail,2030/06/25,132-cij-8112,62-4069798
2782-2978-0827,social security card,2024/09/13,In Progress,Fail,2030/04/02,491-yho-6187,24-5335482
7923-9474-8395,Driving_License,2024/01/29,Completed,Pass,2030/10/12,821-zkx-3364,80-1789914
0091-2712-4455,social security card,2024/03/20,In Progress,Pass,2030/03/06,499-bod-1505,29-6834017
9550-6208-8283,Passport,2024/03/24,In Progress,Pass,2030/03/15,069-dzp-9985,75-0412183
8830-5716-3978,social security card,2024/01/19,In Progress,Pass,2030/02/01,254-cjb-9044,42-7501422
5671-4738-2655,Driving_License,2024/05/21,In Progress,Pass,2030/11/30,432-nsw-3837,20-1051578
5661-2851-2561,PAN_Card,2024/04/08,Completed,Fail,2030/01/29,486-pjo-2822,78-1500608
3665-3045-3906,Driving_License,2024/11/15,Completed,Fail,2030/03/17,906-itd-5200,00-6351482
2483-7343-0551,Aadhar_Card,2024/03/27,Completed,Fail,2030/11/19,945-skw-9790,22-9466062
9597-0949-4963,social security card,2024/11/11,In Progress,Pass,2030/03/23,324-zzp-6589,47-5649506
2662-6275-4943,Aadhar_Card,2024/02/27,Completed,Pass,2030/07/29,181-djp-7428,37-9776808
4269-9326-0085,Aadhar_Card,2024/05/26,In Progress,Fail,2030/07/17,201-dwl-5267,35-6120229
6486-6361-8318,Aadhar_Card,2024/06/10,In Progress,Pass,2030/02/04,889-lcm-7431,00-8336338
6267-3866-1132,social security card,2024/03/08,Completed,Fail,2030/11/05,984-bpx-4913,63-8782059
1258-4379-8231,social security card,2024/03/16,Completed,Fail,2030/04/19,541-iaq-9113,09-8537960
2316-4887-5232,Driving_License,2024/04/06,Completed,Pass,2030/08/21,742-jmv-0984,93-9392027
6287-6862-3247,social security card,2024/11/19,In Progress,Fail,2030/07/02,331-sjs-6498,38-6427795
8656-7579-4480,social security card,2024/05/19,In Progress,Pass,2030/03/04,863-ugr-9763,48-2951446
0592-6711-9230,social security card,2024/03/28,Completed,Pass,2030/08/04,966-egs-5613,37-8014382
4772-8089-9742,Driving_License,2024/11/16,In Progress,Fail,2030/08/24,593-cit-6097,16-5287196
7731-6976-1818,Aadhar_Card,2024/05/10,Completed,Fail,2030/09/06,195-mbp-2540,30-1631310
2804-7660-0756,social security card,2024/11/25,In Progress,Pass,2030/04/26,086-yew-3721,65-7449617
4179-7841-2820,Passport,2024/03/25,In Progress,Fail,2030/01/07,444-jhz-8929,18-0400226
8290-4565-0726,Driving_License,2024/08/18,Completed,Fail,2030/02/04,451-knq-2557,93-1345101
8575-1584-0290,Passport,2024/11/28,In Progress,Fail,2030/07/14,094-jdo-9128,71-5662879
6571-5657-4704,PAN_Card,2024/08/27,In Progress,Fail,2030/03/29,506-qkj-2691,29-4747592
3736-3729-4050,Aadhar_Card,2024/08/11,Completed,Pass,2030/02/07,139-hbk-4415,05-8716907
1851-7482-1125,Passport,2024/07/05,In Progress,Fail,2030/11/19,850-fpx-6221,86-7560476
5119-5902-6060,PAN_Card,2024/11/21,In Progress,Pass,2030/01/22,861-djg-5312,20-9057186
2176-6411-6315,Aadhar_Card,2024/07/07,Completed,Pass,2030/04/27,983-jgb-4036,42-8907791
4756-6537-8268,Driving_License,2024/09/30,Completed,Fail,2030/06/21,079-tby-3304,26-8924252
5308-6744-9867,Passport,2024/08/20,Completed,Fail,2030/05/16,600-kol-3193,79-5304139
8247-5799-2727,PAN_Card,2024/10/25,In Progress,Fail,2030/04/15,098-msy-9116,29-3183499
7831-3529-6313,Aadhar_Card,2024/06/02,Completed,Fail,2030/03/06,815-kvn-8812,42-4151214
9366-0047-6078,social security card,2024/06/15,In Progress,Fail,2030/07/29,745-ueh-2912,88-2473727
7210-1088-9960,PAN_Card,2024/02/18,In Progress,Pass,2030/12/13,302-zei-6949,60-9026709
6242-3398-1716,PAN_Card,2024/02/20,Completed,Fail,2030/03/21,201-kdh-2180,35-1168742
7312-3772-5059,PAN_Card,2024/10/17,In Progress,Pass,2030/09/26,645-clw-9976,07-7729550
4953-7883-3623,Passport,2024/01/12,In Progress,Pass,2030/12/22,018-idd-6661,53-6324978
8826-5822-0802,Aadhar_Card,2024/09/10,Completed,Pass,2030/01/17,868-ygx-8921,35-4927927
3104-4322-8987,social security card,2024/12/07,Completed,Pass,2030/01/09,220-zfv-0266,50-0733366
3992-6918-9447,Aadhar_Card,2024/05/16,Completed,Pass,2030/03/20,181-orb-2130,75-0236705
7504-7003-8604,PAN_Card,2024/05/18,In Progress,Fail,2030/09/08,652-tua-8738,78-0986287
0078-7718-9400,Passport,2024/01/12,Completed,Pass,2030/06/06,286-ihr-2541,94-3237465
9658-3700-1504,Aadhar_Card,2024/10/13,Completed,Pass,2030/06/09,083-xgy-9100,04-8629473
5018-9340-8496,Aadhar_Card,2024/01/15,In Progress,Pass,2030/10/20,708-uhl-1553,24-2170919
2565-0541-5546,Aadhar_Card,2024/01/04,In Progress,Pass,2030/02/11,673-rno-4340,35-6412616
8797-7091-0368,Aadhar_Card,2024/05/06,Completed,Fail,2030/09/30,677-edc-3236,15-7402049
7638-6894-0447,Driving_License,2024/03/01,Completed,Pass,2030/06/03,222-bkg-9702,53-2080122
3085-8242-1981,social security card,2024/05/11,In Progress,Pass,2030/10/24,236-oip-9511,63-6192495
5844-3343-4058,social security card,2024/04/14,Completed,Fail,2030/10/30,695-gbj-7426,45-8155262
4360-8236-1752,Driving_License,2024/03/03,In Progress,Fail,2030/08/01,459-lya-7898,51-2536776
5808-3332-8427,PAN_Card,2024/11/08,Completed,Pass,2030/01/18,499-emo-5932,34-7521206
2073-7251-8545,Aadhar_Card,2024/05/08,Completed,Pass,2030/02/15,812-nej-2846,11-3106643
5937-6467-0145,Driving_License,2024/03/15,Completed,Fail,2030/03/17,064-jqn-7501,82-0850044
3412-4518-9772,Driving_License,2024/06/08,Completed,Pass,2030/02/02,919-acr-4216,20-0832515
1195-2416-7256,PAN_Card,2024/07/02,Completed,Fail,2030/02/02,964-fqr-3427,02-8777448
0199-3169-6696,Passport,2024/07/27,Completed,Fail,2030/06/26,983-xir-3322,20-7729837
4373-4508-1667,Driving_License,2024/11/02,Completed,Fail,2030/10/19,388-del-1291,59-9362860
9502-4051-6176,PAN_Card,2024/04/18,Completed,Fail,2030/11/05,822-opx-1322,07-9713869
1712-0744-9863,PAN_Card,2024/11/07,In Progress,Fail,2030/05/03,009-ylb-1969,11-7570926
0645-5875-8830,Aadhar_Card,2024/08/05,Completed,Pass,2030/04/27,716-lus-0497,14-2650715
2480-0921-4329,PAN_Card,2024/04/01,Completed,Fail,2030/04/10,380-zrh-0472,21-3052427
5332-0414-8079,Aadhar_Card,2024/11/25,In Progress,Fail,2030/01/13,095-axr-8548,41-2606665
9672-9600-9957,Passport,2024/07/20,Completed,Pass,2030/05/01,171-sfz-7597,04-0634481
7195-1073-6573,Aadhar_Card,2024/04/26,In Progress,Fail,2030/08/16,513-exv-6875,35-1974396
0540-7242-7813,PAN_Card,2024/08/20,Completed,Pass,2030/11/08,493-rdn-4105,33-3858816
9826-3074-9817,PAN_Card,2024/05/31,Completed,Pass,2030/10/06,479-yzr-5847,27-2749097
9883-8740-5323,Driving_License,2024/07/29,In Progress,Pass,2030/04/28,255-wgm-2593,71-8337341
9455-8420-4412,PAN_Card,2024/08/20,In Progress,Pass,2030/07/10,054-lsp-5580,99-7679883
1773-8825-6287,social security card,2024/11/19,In Progress,Pass,2030/03/30,050-sif-5546,84-9112383
7152-7761-0511,PAN_Card,2024/11/19,In Progress,Pass,2030/08/23,559-qkw-5252,75-8290105
2469-9237-1349,PAN_Card,2024/04/11,In Progress,Fail,2030/03/25,768-naa-5865,56-9955509
4181-8883-1076,social security card,2024/05/03,In Progress,Pass,2030/06/21,397-kgm-2734,91-0987912
6946-5342-2982,Aadhar_Card,2024/09/30,Completed,Fail,2030/11/21,097-pvu-6046,51-4418235
5723-0302-9454,PAN_Card,2024/12/07,Completed,Fail,2030/11/17,863-kmy-8662,16-0861951
4041-7599-9911,Aadhar_Card,2024/11/15,Completed,Fail,2030/03/05,373-wwe-5590,85-4232823
3889-7417-4710,PAN_Card,2024/02/26,Completed,Fail,2030/05/20,829-clt-6621,45-9610411
2875-9017-9790,Driving_License,2024/02/02,Completed,Fail,2030/08/15,684-bdb-1259,96-5895066
3512-2742-8201,Passport,2024/02/08,In Progress,Fail,2030/12/07,743-lai-9755,17-2881921
3095-6235-2421,Driving_License,2024/12/12,Completed,Pass,2030/10/05,381-kwt-7737,05-5307594
8319-0599-1278,Passport,2024/09/05,Completed,Fail,2030/07/07,415-tpo-4164,42-6709243
2106-5593-5024,Driving_License,2024/12/26,In Progress,Pass,2030/11/08,356-rku-9077,18-5515046
2005-6520-2929,social security card,2024/11/30,Completed,Pass,2030/01/21,054-oub-4335,03-0398732
8868-2617-7331,Aadhar_Card,2024/05/23,In Progress,Fail,2030/03/21,392-oxo-8008,63-7869416
7425-0346-5948,Passport,2024/02/16,In Progress,Fail,2030/11/04,584-lzd-6404,58-2361757
7642-5771-2373,Aadhar_Card,2024/09/22,Completed,Fail,2030/06/13,326-flw-2253,88-2776220
0206-8899-7170,Passport,2024/09/29,In Progress,Pass,2030/10/01,052-ele-6138,35-8959362
0573-7459-1107,Aadhar_Card,2024/05/07,Completed,Fail,2030/06/13,669-vfj-3759,92-8536524
1219-8724-1407,social security card,2024/09/18,Completed,Pass,2030/10/10,874-sfa-5464,92-8283493
7456-2939-6098,PAN_Card,2024/07/23,In Progress,Pass,2030/02/20,656-nfq-6377,94-7025309
3082-6107-4877,Passport,2024/06/04,Completed,Pass,2030/02/08,358-ckj-6918,87-1524310
9498-4485-2771,Aadhar_Card,2024/08/14,Completed,Pass,2030/01/11,768-lbt-8324,07-0513764
2781-2250-0178,social security card,2024/05/22,In Progress,Pass,2030/09/19,725-sko-5664,70-9557679
4124-8915-4931,social security card,2024/02/12,In Progress,Pass,2030/11/22,081-vxk-7042,56-2538209
4239-1159-5252,Aadhar_Card,2024/05/13,In Progress,Fail,2030/12/23,727-zqc-0282,59-1225380
7366-6826-1252,Passport,2024/03/10,Completed,Fail,2030/01/20,214-dnr-8262,77-8969935
0530-4433-0528,PAN_Card,2024/06/15,Completed,Fail,2030/12/09,624-xkm-4058,28-1074495
7825-1876-5316,Aadhar_Card,2024/02/24,In Progress,Pass,2030/09/11,329-apg-1826,98-8312687
5596-5005-0518,social security card,2024/01/11,Completed,Fail,2030/12/08,497-xcb-0846,83-0576737
2075-9346-9606,Passport,2024/01/08,Completed,Fail,2030/07/10,137-ikm-1239,64-2887913
3871-7973-5589,Passport,2024/07/09,Completed,Pass,2030/01/20,198-ywk-3571,22-2019746
3745-7983-2687,PAN_Card,2024/10/14,Completed,Fail,2030/03/09,319-pan-5602,41-5640927
9760-8972-3462,PAN_Card,2024/06/19,Completed,Pass,2030/10/11,423-jqj-1775,14-0383891
8906-0566-0766,PAN_Card,2024/08/20,Completed,Pass,2030/07/25,382-hds-6177,12-3608157
0410-2330-7873,Aadhar_Card,2024/05/06,Completed,Pass,2030/05/07,713-yhs-4864,70-9194479
1849-8568-1737,Passport,2024/04/01,Completed,Fail,2030/06/25,451-ote-1215,09-7754145
0329-2815-2216,Driving_License,2024/05/02,Completed,Fail,2030/08/29,810-cqv-5192,36-4649035
8389-7872-9939,Driving_License,2024/01/20,Completed,Fail,2030/06/11,155-tva-9991,26-6853242
9337-2613-4609,Aadhar_Card,2024/08/16,Completed,Pass,2030/11/05,389-vwu-9031,25-9160303
4347-4918-1044,Passport,2024/10/27,In Progress,Fail,2030/07/28,387-dyt-7121,48-9002032
3891-0241-6813,social security card,2024/10/22,Completed,Fail,2030/10/05,090-tva-3646,37-6641205
0130-5003-8647,Passport,2024/07/07,In Progress,Fail,2030/07/19,457-uiv-1664,00-9031903
0858-2344-9775,PAN_Card,2024/09/27,Completed,Fail,2030/06/19,824-kau-7336,86-0407854
5674-3769-2047,Passport,2024/04/07,Completed,Fail,2030/03/09,647-jlr-3595,33-9240782
1648-5740-5495,social security card,2024/09/02,In Progress,Fail,2030/04/10,331-ngl-7114,56-7679252
4830-6336-2636,social security card,2024/02/15,Completed,Fail,2030/10/10,977-sii-7231,61-2010295
0145-3196-9413,Driving_License,2024/07/04,Completed,Pass,2030/07/30,621-xiw-7502,47-3769937
0664-2583-9807,Aadhar_Card,2024/12/31,Completed,Pass,2030/09/21,354-qkm-9989,92-0603852
3665-6482-5413,social security card,2024/11/08,Completed,Fail,2030/01/16,117-ouu-3915,30-1255023
9951-8142-8760,PAN_Card,2024/05/26,In Progress,Fail,2030/04/10,752-byh-9431,52-6659225
3949-5255-2807,Passport,2024/02/24,In Progress,Pass,2030/04/10,037-gcb-6278,40-7932965
0498-8008-8008,social security card,2024/07/20,Completed,Fail,2030/03/23,433-jes-7982,83-3170750
4681-3486-7675,Aadhar_Card,2024/02/05,Completed,Fail,2030/01/16,500-cry-0661,18-8696663
2627-5405-0423,Driving_License,2024/09/11,In Progress,Fail,2030/10/12,520-fgq-6700,44-3004767
2908-1613-0351,Passport,2024/02/23,Completed,Pass,2030/01/21,340-wus-1326,90-8490105
2950-1220-8466,PAN_Card,2024/03/04,Completed,Pass,2030/07/03,864-fxi-5326,96-5421544
5877-6077-5698,PAN_Card,2024/06/19,Completed,Pass,2030/01/20,308-rpi-9144,71-2050315
8668-9638-6052,PAN_Card,2024/12/04,In Progress,Pass,2030/05/04,738-noo-8549,78-1537402
7118-5239-9677,social security card,2024/02/23,In Progress,Fail,2030/02/04,106-eku-8325,56-4528817
4117-4473-3147,Passport,2024/03/31,In Progress,Fail,2030/06/10,633-tnm-4233,09-2536575
9658-2932-2646,PAN_Card,2024/10/25,In Progress,Fail,2030/02/12,068-uaj-4462,73-1880441
8027-4087-3186,Driving_License,2024/03/23,In Progress,Fail,2030/12/05,029-lnm-9078,47-8078270
6391-7024-7524,Passport,2024/09/28,In Progress,Fail,2030/07/17,479-wvr-4610,02-4211353
0104-5294-8051,Passport,2024/03/21,Completed,Fail,2030/08/26,809-ver-9687,00-6411169
4640-8641-3949,social security card,2024/04/14,In Progress,Pass,2030/01/17,557-eeb-1652,85-4645537
3307-0840-6117,PAN_Card,2024/06/04,Completed,Pass,2030/02/08,039-fhy-9690,44-5814496
6476-4551-2828,Passport,2024/03/05,In Progress,Fail,2030/10/17,096-dmf-7202,26-0532033
5666-8616-3181,Aadhar_Card,2024/02/24,In Progress,Pass,2030/11/08,060-uzn-9554,93-7300298
8262-1694-6496,PAN_Card,2024/06/06,Completed,Fail,2030/07/13,736-eug-6527,94-3571513
0136-0492-6717,Aadhar_Card,2024/05/04,In Progress,Pass,2030/07/19,626-pty-4139,51-5022096
5276-4749-4622,Aadhar_Card,2024/08/31,Completed,Pass,2030/01/13,662-gqp-5021,95-1809749
9765-2634-1979,Aadhar_Card,2024/03/22,In Progress,Pass,2030/04/21,991-jgf-2654,34-9070128
2725-0156-9788,Driving_License,2024/09/05,In Progress,Fail,2030/09/11,982-gdq-8299,55-9524582
5327-2760-0702,PAN_Card,2024/01/07,In Progress,Fail,2030/11/01,833-epr-5557,75-2966286
3307-1955-9332,Driving_License,2024/10/04,In Progress,Fail,2030/04/03,085-pfp-5108,15-2171064
4199-0530-2881,Aadhar_Card,2024/10/19,Completed,Pass,2030/07/04,273-bsk-7320,74-5217902
1801-3411-7250,Driving_License,2024/02/11,Completed,Pass,2030/11/20,773-xbo-7703,63-6646268
7582-4842-8266,Driving_License,2024/02/14,Completed,Fail,2030/09/04,595-nor-8336,44-1827440
9132-2398-7042,Passport,2024/07/19,In Progress,Pass,2030/09/13,008-tnq-1056,98-1863223
1180-2738-7713,social security card,2024/11/21,In Progress,Pass,2030/01/19,283-lpk-7623,51-4930709
1059-5952-4184,social security card,2024/11/18,In Progress,Fail,2030/08/27,523-vwl-2072,18-6285267
9948-1627-4622,Aadhar_Card,2024/02/14,In Progress,Fail,2030/08/03,588-xwf-1709,29-3326072
8315-1115-3093,Passport,2024/01/05,In Progress,Fail,2030/12/27,407-uut-7502,61-5291880
8588-7241-1614,Driving_License,2024/03/29,In Progress,Pass,2030/12/30,964-wpu-3364,15-0664174
7716-6003-7644,Aadhar_Card,2024/10/10,In Progress,Pass,2030/08/01,206-mon-4010,07-1733261
8733-8066-3462,PAN_Card,2024/11/15,Completed,Pass,2030/10/21,648-yzx-8757,87-6060522
1297-6294-5772,Passport,2024/10/12,In Progress,Fail,2030/12/27,904-ado-7330,51-6678826
5312-2992-5261,Aadhar_Card,2024/01/10,In Progress,Pass,2030/11/28,654-via-5595,84-6711163
3885-0061-6016,social security card,2024/11/03,In Progress,Pass,2030/02/14,004-gln-8657,86-6948011
0352-5114-9136,Aadhar_Card,2024/06/01,Completed,Fail,2030/10/12,337-dbc-4111,91-6337930
5917-3629-3889,Passport,2024/05/11,In Progress,Fail,2030/07/06,827-hcb-2824,22-8148075
0964-4298-2423,Aadhar_Card,2024/05/02,Completed,Pass,2030/12/17,028-iha-7903,22-7243601
0083-7402-9278,Aadhar_Card,2024/01/15,In Progress,Fail,2030/09/08,231-pvz-5605,73-9363659
2668-5580-5578,Driving_License,2024/12/09,In Progress,Pass,2030/11/19,861-rox-2187,53-0029153
8068-4534-0433,PAN_Card,2024/06/06,Completed,Fail,2030/10/15,124-xkb-5075,73-6865349
1641-5769-1324,Driving_License,2024/05/11,In Progress,Fail,2030/06/17,217-jsr-4966,59-3586198
9595-2230-0779,Passport,2024/03/29,In Progress,Pass,2030/05/24,759-msa-0284,78-6105189
5187-0323-7409,social security card,2024/07/13,Completed,Fail,2030/09/09,814-jvq-1774,18-4929614
8916-6127-1061,Passport,2024/08/27,Completed,Fail,2030/07/05,561-nwu-1336,13-7594742
6802-1464-9147,Passport,2024/03/28,In Progress,Fail,2030/08/02,022-god-3508,14-7588969
9233-2977-6385,Driving_License,2024/10/23,Completed,Fail,2030/05/03,609-nbc-9418,50-8819578
9966-8693-3757,Passport,2024/01/19,Completed,Fail,2030/03/23,923-jzo-5877,26-9044831
1153-2456-2045,Driving_License,2024/07/27,In Progress,Fail,2030/12/29,088-plk-5356,40-9836213
2443-6496-2197,Aadhar_Card,2024/05/21,In Progress,Fail,2030/12/05,348-nhc-4048,51-4599344
9255-9971-9098,PAN_Card,2024/12/23,Completed,Pass,2030/07/17,725-dem-4857,68-1938313
7503-2306-6670,Driving_License,2024/06/11,Completed,Fail,2030/08/21,153-vaf-8494,90-2891822
0849-6375-9596,social security card,2024/06/24,Completed,Fail,2030/04/15,795-boh-2971,79-9160465
0392-3131-0398,social security card,2024/06/21,In Progress,Pass,2030/08/06,115-etb-1360,91-7244710
9044-6878-1242,Aadhar_Card,2024/08/26,Completed,Fail,2030/12/30,228-ztt-4947,79-7557603
0921-8884-5911,Passport,2024/11/28,In Progress,Fail,2030/10/06,388-nwi-8557,61-0771383
9561-5202-6744,Passport,2024/03/15,Completed,Pass,2030/06/07,506-qzx-6878,24-4520321
1768-9058-0882,Driving_License,2024/05/16,Completed,Fail,2030/03/17,527-eej-3763,59-5534899
6682-0089-2217,Passport,2024/03/02,Completed,Fail,2030/08/23,516-zhd-2812,06-6205903
6911-5171-7428,social security card,2024/11/17,In Progress,Fail,2030/04/12,779-xkq-5897,55-9940941
6542-1956-6471,Passport,2024/05/19,Completed,Pass,2030/09/15,747-ywo-9324,93-9150950
8065-0995-8993,PAN_Card,2024/04/10,In Progress,Pass,2030/12/13,599-vzm-6835,56-2021898
7015-9128-5517,social security card,2024/08/18,In Progress,Fail,2030/12/01,016-jfe-8178,06-6995394
4520-9381-8516,Aadhar_Card,2024/06/21,In Progress,Pass,2030/10/25,773-bbe-1389,66-6588279
2364-5231-5827,Aadhar_Card,2024/03/03,In Progress,Fail,2030/02/27,041-hll-1246,25-3855712
2772-0392-5125,Aadhar_Card,2024/03/10,In Progress,Fail,2030/12/30,218-eyr-3279,80-9882277
9873-3020-8209,Aadhar_Card,2024/12/14,In Progress,Fail,2030/11/06,663-kyd-0650,77-3597085
8447-3474-5447,social security card,2024/09/01,In Progress,Pass,2030/08/25,014-bzg-0888,06-6665158
7689-0457-2142,PAN_Card,2024/08/29,In Progress,Pass,2030/04/24,941-lgl-1975,46-2107318
1122-2491-5679,PAN_Card,2024/11/21,In Progress,Fail,2030/03/15,195-biz-6280,93-8810080
8909-6168-5770,Aadhar_Card,2024/04/08,Completed,Pass,2030/06/24,810-xzj-7488,94-1071911
9221-8224-4989,PAN_Card,2024/06/09,In Progress,Pass,2030/06/27,530-blb-8557,74-9917462
5054-2609-4009,Aadhar_Card,2024/03/30,Completed,Fail,2030/07/03,148-uhp-3562,57-4976198
0706-7290-7831,Driving_License,2024/05/25,Completed,Fail,2030/05/21,743-svk-3107,89-5973182
6936-0423-1708,Passport,2024/04/04,Completed,Fail,2030/07/26,777-xog-5648,64-8982563
4290-1130-6489,Driving_License,2024/02/14,In Progress,Pass,2030/01/12,251-qds-5920,64-5689914
0652-2960-6281,Aadhar_Card,2024/11/03,In Progress,Pass,2030/07/28,432-zws-8347,44-4398159
0631-4229-8908,PAN_Card,2024/12/06,Completed,Pass,2030/12/25,844-xkf-7975,58-6619895
5265-5959-1995,PAN_Card,2024/03/16,Completed,Fail,2030/09/07,285-cjq-1398,75-4972936
6740-6164-0428,Driving_License,2024/06/16,In Progress,Pass,2030/01/21,642-gqa-9681,73-8381000
2275-8094-3329,social security card,2024/04/26,Completed,Pass,2030/10/09,956-tzf-6098,38-8874179
7238-0187-3248,Passport,2024/11/25,Completed,Pass,2030/08/23,763-poe-1304,43-8639115
1831-8297-9783,social security card,2024/01/19,Completed,Pass,2030/08/16,042-vfm-3910,09-3402628
6856-3514-9995,social security card,2024/05/18,Completed,Pass,2030/03/03,130-pzl-4995,18-3268313
8860-8089-6659,PAN_Card,2024/02/29,In Progress,Pass,2030/04/06,429-bvb-0632,32-9683162
5661-4363-6227,PAN_Card,2024/11/13,In Progress,Pass,2030/10/21,833-vzs-9553,85-4596922
4575-3491-3151,Driving_License,2024/07/07,In Progress,Pass,2030/02/07,331-rqr-1406,44-6232505
3180-8669-5530,social security card,2024/03/16,In Progress,Fail,2030/12/05,569-umk-9093,08-7627735
2777-3560-1369,Passport,2024/10/16,In Progress,Fail,2030/05/13,967-imk-4863,92-1817645
0340-7712-4349,Passport,2024/07/02,In Progress,Pass,2030/07/12,900-lpb-9786,54-9530192
1494-6406-3887,Driving_License,2024/06/03,In Progress,Pass,2030/06/16,799-kij-4093,47-2797454
5492-7163-3506,PAN_Card,2024/07/30,In Progress,Fail,2030/07/03,374-bte-5459,65-4167294
5838-6273-1686,social security card,2024/12/17,Completed,Fail,2030/03/20,858-ltr-7819,13-2634883
7520-4347-2594,PAN_Card,2024/10/04,In Progress,Fail,2030/05/21,274-egw-5304,17-6491124
5624-4703-3138,Passport,2024/05/28,Completed,Fail,2030/01/06,844-unq-8926,40-5127082
4435-3730-3548,PAN_Card,2024/02/23,Completed,Pass,2030/06/11,769-iys-7231,36-6190705
2182-9782-4075,Passport,2024/10/11,Completed,Fail,2030/12/20,404-vzq-7498,81-1310673
5010-5635-0063,PAN_Card,2024/07/18,In Progress,Pass,2030/07/08,516-zaj-4935,36-7106668
4792-4297-6531,social security card,2024/11/12,Completed,Pass,2030/01/06,919-nhk-1520,08-8845872
6357-5130-6686,Driving_License,2024/03/20,In Progress,Fail,2030/10/28,163-bht-4845,75-3347165
8578-0226-1045,Driving_License,2024/01/20,In Progress,Pass,2030/02/22,857-qsq-2611,18-1325014
4865-9483-8108,social security card,2024/09/03,In Progress,Fail,2030/06/03,611-jeo-1117,86-0684754
5903-9891-2074,Aadhar_Card,2024/01/04,In Progress,Pass,2030/04/12,317-pcs-0490,02-4536644
6019-7052-6361,Passport,2024/07/14,In Progress,Pass,2030/05/22,265-xfd-2911,73-4431443
6530-6491-0840,social security card,2024/02/15,In Progress,Pass,2030/09/13,308-ppy-5665,29-1800241
9172-3297-1728,social security card,2024/05/14,In Progress,Pass,2030/04/06,807-xes-9554,52-8334481
2241-5976-2253,Passport,2024/06/09,Completed,Fail,2030/03/07,924-xun-6147,02-5427722
1337-0644-4462,Passport,2024/07/03,Completed,Pass,2030/03/16,417-nhb-8544,04-4370956
2318-4586-4364,Passport,2024/04/25,In Progress,Fail,2030/02/11,379-lou-3884,66-0573040
8640-7983-6486,Passport,2024/06/14,Completed,Fail,2030/01/26,131-vgd-1878,76-3788573
7321-5918-0677,social security card,2024/12/21,In Progress,Pass,2030/01/29,049-krt-0829,51-4223499
0155-6504-1486,PAN_Card,2024/10/04,Completed,Fail,2030/10/19,580-mqu-1810,00-8190274
9065-6422-2846,Aadhar_Card,2024/07/07,Completed,Pass,2030/12/06,717-msl-3746,60-5607203
2623-7680-0118,Driving_License,2024/02/26,In Progress,Fail,2030/06/09,562-vnr-0886,61-6811324
9496-6612-6682,PAN_Card,2024/07/02,Completed,Fail,2030/04/18,790-xnn-6674,53-1405847
9799-3661-9065,Driving_License,2024/10/22,In Progress,Pass,2030/09/12,557-kop-6937,91-2420894
8541-1456-9732,PAN_Card,2024/07/25,Completed,Pass,2030/07/18,366-rpe-8195,54-6526032
8463-9676-0334,Passport,2024/10/30,In Progress,Pass,2030/07/25,634-auy-8974,03-6578146
1286-5863-6116,Aadhar_Card,2024/01/30,Completed,Fail,2030/03/16,903-ehs-7173,99-9177149
3621-4815-5369,Aadhar_Card,2024/02/21,Completed,Pass,2030/05/22,940-gcs-8228,05-2380408
1082-5406-2681,Driving_License,2024/11/07,In Progress,Pass,2030/12/25,421-urx-9662,20-2148472
8281-5418-8269,Aadhar_Card,2024/11/05,In Progress,Pass,2030/04/23,033-yip-3250,55-7002578
1121-8900-8382,Passport,2024/06/15,In Progress,Fail,2030/09/05,324-urm-3484,82-6656666
0789-6942-1202,social security card,2024/01/03,In Progress,Pass,2030/01/08,148-uva-3054,83-8377849
0741-0249-0996,Passport,2024/10/26,Completed,Fail,2030/08/03,259-mph-0683,90-0901184
2702-6673-4162,PAN_Card,2024/09/28,Completed,Fail,2030/10/31,338-dwg-5605,30-7319342
2366-2514-3108,social security card,2024/03/05,In Progress,Fail,2030/03/05,146-wul-9694,18-4657693
4593-7727-3561,Driving_License,2024/10/16,In Progress,Pass,2030/11/18,480-kbb-3629,81-6651964
2555-2415-5506,social security card,2024/03/12,In Progress,Fail,2030/10/05,612-skb-7026,26-4243462
4434-8885-3159,Driving_License,2024/05/29,In Progress,Fail,2030/08/30,901-nwm-9863,56-9676538
5434-1879-3154,Driving_License,2024/10/11,In Progress,Fail,2030/01/26,742-xff-6200,34-9642334
2591-4538-7593,Passport,2024/11/07,In Progress,Pass,2030/11/30,930-vcj-8984,64-6063685
6033-0286-4662,PAN_Card,2024/05/29,Completed,Fail,2030/02/13,259-qxi-2948,19-2161613
4900-6081-4162,PAN_Card,2024/03/31,In Progress,Fail,2030/09/10,808-czr-2044,57-5286403
4269-8708-7137,Driving_License,2024/05/05,Completed,Pass,2030/01/23,414-tbg-0351,37-7643756
1540-5929-9227,PAN_Card,2024/11/01,Completed,Pass,2030/08/10,696-ool-0435,86-6352758
2351-5887-3030,Driving_License,2024/03/14,In Progress,Fail,2030/07/28,295-ots-4166,00-3155074
9339-5450-4558,PAN_Card,2024/09/02,Completed,Fail,2030/01/08,251-pak-5254,36-9595914
6542-1843-4005,Aadhar_Card,2024/10/24,In Progress,Pass,2030/11/26,632-vfe-1763,78-6272917
4896-5568-6521,PAN_Card,2024/03/04,In Progress,Pass,2030/01/07,859-slt-7416,46-9029156
2904-8480-6315,Passport,2024/05/20,Completed,Fail,2030/11/20,046-qmh-9122,28-2231616
0822-4286-4224,social security card,2024/06/17,In Progress,Pass,2030/03/30,362-nmq-3379,98-1233335
9484-4977-2053,Driving_License,2024/12/31,In Progress,Fail,2030/07/15,137-alq-3277,50-8454566
1574-9294-8777,Aadhar_Card,2024/06/30,In Progress,Pass,2030/08/05,717-knn-0770,86-0721951
6554-1216-1014,Passport,2024/08/12,In Progress,Pass,2030/10/09,027-vas-8901,94-2435261
5286-9138-7048,Driving_License,2024/11/28,In Progress,Fail,2030/07/04,285-drb-4492,71-8124643
7019-6252-2116,Passport,2024/09/10,Completed,Fail,2030/09/13,817-cue-2641,85-2262369
5329-2734-6662,social security card,2024/07/20,In Progress,Fail,2030/08/29,079-nxh-9944,26-3282230
8021-8717-4551,Passport,2024/12/19,Completed,Pass,2030/12/02,727-sjm-4090,16-8271480
7046-0082-4969,Aadhar_Card,2024/04/08,In Progress,Fail,2030/01/13,881-qip-1517,75-3994362
5201-0741-6935,Passport,2024/09/12,Completed,Fail,2030/04/19,319-ixa-4087,95-9902083
4687-1220-2917,social security card,2024/07/03,Completed,Fail,2030/07/24,038-ivd-0253,02-1772397
1329-3929-6526,Aadhar_Card,2024/05/01,Completed,Pass,2030/06/23,597-gdq-5691,55-8737029
1913-7316-8869,social security card,2024/03/26,Completed,Pass,2030/04/22,282-kjt-5474,84-6850257
8055-5925-9569,Aadhar_Card,2024/11/19,In Progress,Pass,2030/11/30,358-vkb-4964,27-1922491
6695-4529-8348,Aadhar_Card,2024/08/30,In Progress,Fail,2030/04/08,958-mtc-5896,61-2396455
7737-4880-4301,Driving_License,2024/09/25,Completed,Fail,2030/04/25,276-ifb-3164,66-3899072
5379-9804-9285,Passport,2024/10/29,In Progress,Pass,2030/02/03,749-clk-7239,34-3225010
0156-6291-1837,social security card,2024/08/21,In Progress,Fail,2030/06/23,382-del-5016,11-1054988
1581-8428-6437,Passport,2024/12/13,Completed,Fail,2030/12/14,992-env-4893,14-5454161
3928-3180-4409,Passport,2024/08/08,In Progress,Pass,2030/01/12,006-tzu-4948,16-8939914
3662-3627-3999,PAN_Card,2024/02/13,In Progress,Fail,2030/10/19,974-cwe-7485,26-7751796
5594-4975-7945,social security card,2024/10/13,In Progress,Pass,2030/10/24,476-dnv-4030,48-9065948
4648-4943-3320,PAN_Card,2024/03/01,In Progress,Pass,2030/04/11,177-cym-6453,70-4521392
0093-9824-2026,Passport,2024/09/20,In Progress,Fail,2030/12/04,494-uje-5212,40-0665905
6753-6430-8367,Aadhar_Card,2024/09/28,Completed,Pass,2030/05/15,806-jhp-2129,89-6024164
2330-7928-8577,PAN_Card,2024/03/12,Completed,Fail,2030/08/17,460-pmf-9983,71-9402749
9884-5340-2226,Aadhar_Card,2024/06/03,In Progress,Fail,2030/11/21,518-vau-2179,47-6419363
7256-5068-0248,Aadhar_Card,2024/11/25,In Progress,Fail,2030/04/28,852-ebg-1655,45-1374319
0032-2055-9540,Driving_License,2024/11/13,In Progress,Pass,2030/12/25,738-vgc-0836,35-1820695
7879-8872-7264,Driving_License,2024/03/19,In Progress,Pass,2030/02/14,883-ode-9560,00-4725175
3894-7358-7950,social security card,2024/02/23,Completed,Fail,2030/08/24,315-efq-8752,53-5203485
8709-3551-6267,Passport,2024/01/09,Completed,Pass,2030/06/19,022-iuq-3555,96-7021450
1014-8974-0569,PAN_Card,2024/09/12,In Progress,Pass,2030/02/10,860-lim-7237,83-7509300
8703-7545-5207,Driving_License,2024/02/21,Completed,Fail,2030/03/30,775-wws-3566,41-7452481
9170-1390-8461,PAN_Card,2024/02/19,Completed,Fail,2030/03/06,541-rwt-0111,71-9745340
1387-8042-0954,Aadhar_Card,2024/11/14,In Progress,Fail,2030/07/07,252-ozo-2853,76-0850753
6270-7409-6693,Aadhar_Card,2024/08/24,Completed,Fail,2030/05/20,819-aby-2560,35-2727586
2895-4912-9038,social security card,2024/04/22,Completed,Pass,2030/09/21,365-wef-3644,18-3086260
7124-7506-2828,social security card,2024/12/17,Completed,Fail,2030/08/21,389-nfs-2181,59-7115270
3123-5862-6679,PAN_Card,2024/02/06,In Progress,Fail,2030/05/08,874-gzy-9428,22-4296010
5047-3763-7559,PAN_Card,2024/01/28,In Progress,Fail,2030/03/05,908-cvd-2394,91-8523523
8214-5717-9118,social security card,2024/04/13,Completed,Pass,2030/01/30,536-ncw-7430,40-0191516
8640-7789-9209,Driving_License,2024/07/29,In Progress,Fail,2030/10/27,849-hoc-9303,84-8506000
7819-6574-2933,social security card,2024/01/08,Completed,Fail,2030/05/31,732-xkc-6800,80-4140155
4669-8683-3938,social security card,2024/09/07,Completed,Pass,2030/10/23,214-cvu-0345,97-2708364
2107-6713-0919,Driving_License,2024/09/11,Completed,Pass,2030/09/21,460-ndv-6998,60-1816685
7550-9012-2645,Passport,2024/07/29,In Progress,Pass,2030/05/29,948-vev-8876,23-5289352
7687-1984-4314,Driving_License,2024/11/30,In Progress,Pass,2030/05/21,733-axo-7735,86-9814876
4091-5268-4462,Aadhar_Card,2024/05/03,In Progress,Fail,2030/01/26,881-jvh-4253,05-6363950
8181-6240-0121,Aadhar_Card,2024/04/29,In Progress,Fail,2030/07/28,706-iji-5308,84-7237627
6519-3083-2645,Driving_License,2024/08/15,In Progress,Pass,2030/04/24,103-vzh-8197,12-3665304
1751-3107-2243,Aadhar_Card,2024/12/29,In Progress,Pass,2030/06/10,983-fcu-1797,77-5264398
7431-7886-7338,Passport,2024/11/06,In Progress,Fail,2030/09/29,886-qeb-9876,46-3257424
0773-1621-0268,social security card,2024/10/12,Completed,Pass,2030/10/24,731-fxe-6617,18-9999335
1790-5158-3552,PAN_Card,2024/05/13,Completed,Fail,2030/09/02,771-umk-0337,19-3294914
5256-6780-2786,social security card,2024/02/21,Completed,Pass,2030/06/01,321-nqk-8092,07-3118320
2945-0156-6006,PAN_Card,2024/08/19,In Progress,Pass,2030/04/25,666-bou-6195,79-8655525
4206-6666-6916,social security card,2024/01/01,Completed,Pass,2030/05/05,604-zfa-9856,78-8847079
6851-5401-5784,social security card,2024/02/09,Completed,Fail,2030/03/17,680-bli-2526,88-1938501
3186-9583-3673,social security card,2024/01/27,In Progress,Pass,2030/01/18,423-ise-7482,13-3663364
8264-9006-8948,social security card,2024/08/04,In Progress,Fail,2030/05/19,513-qff-8699,14-9087170
1376-5746-0399,social security card,2024/01/07,In Progress,Pass,2030/01/16,568-qvg-4565,52-3140493
5756-2659-4684,PAN_Card,2024/11/01,In Progress,Pass,2030/10/22,563-rgh-9502,83-3830753
3643-9905-9347,PAN_Card,2024/10/31,Completed,Pass,2030/09/11,392-rrk-6067,14-9209773
7788-2448-6067,Passport,2024/10/11,Completed,Pass,2030/02/21,137-cry-0264,42-7821605
0564-5990-8352,Passport,2024/10/09,Completed,Fail,2030/04/09,463-tix-6486,73-7408290
0731-7958-4195,social security card,2024/12/24,In Progress,Fail,2030/05/13,846-cxf-9100,39-4279891
3917-1779-4119,Driving_License,2024/06/30,Completed,Pass,2030/01/25,099-mue-0283,62-2462401
7673-0429-6869,social security card,2024/09/03,In Progress,Fail,2030/11/20,665-nvp-8493,98-7222858
8170-4148-2922,Aadhar_Card,2024/12/05,Completed,Fail,2030/07/24,115-ang-8531,51-3169256
5388-8780-4718,Passport,2024/08/02,In Progress,Fail,2030/05/06,770-bec-2331,61-8596109
9807-3667-7824,Driving_License,2024/10/21,Completed,Pass,2030/03/24,256-ipe-8977,42-0501653
8030-6946-8227,Aadhar_Card,2024/04/29,Completed,Pass,2030/12/24,423-btr-1016,77-2912512
2847-4966-6605,Aadhar_Card,2024/07/29,In Progress,Fail,2030/10/25,422-vpk-7948,32-0618862
9727-5798-2705,Driving_License,2024/09/27,In Progress,Pass,2030/08/21,943-gdc-3688,42-6110788
6456-8965-6573,social security card,2024/09/12,In Progress,Pass,2030/07/12,901-jxq-7619,01-1171598
3777-8938-6585,social security card,2024/09/11,Completed,Pass,2030/12/12,761-yni-5343,54-5767084
7784-2186-1394,social security card,2024/04/19,Completed,Pass,2030/08/03,003-dcm-1514,04-2494430
1162-8210-5585,social security card,2024/05/31,Completed,Fail,2030/01/27,633-izn-2178,49-5598020
7100-1238-4338,Passport,2024/09/07,Completed,Fail,2030/03/24,036-emn-9264,55-8733614
5249-8065-7346,Aadhar_Card,2024/12/30,Completed,Pass,2030/02/22,508-nvx-3815,06-2487284
2716-2681-7432,Driving_License,2024/06/24,In Progress,Fail,2030/01/14,600-eub-6046,11-2379479
8842-2165-9505,PAN_Card,2024/03/27,In Progress,Fail,2030/08/01,756-ixv-4912,29-1054950
7785-8832-1821,social security card,2024/10/01,In Progress,Fail,2030/07/02,639-lfd-4608,55-8237930
5505-9775-5919,social security card,2024/05/01,Completed,Fail,2030/07/04,106-ebe-3545,75-7148848
9949-6342-4453,Passport,2024/01/11,In Progress,Pass,2030/12/26,063-auy-4380,39-9382457
9776-9329-9415,PAN_Card,2024/11/11,In Progress,Fail,2030/04/17,735-rrc-8967,64-9356566
2453-9491-1688,social security card,2024/02/22,In Progress,Pass,2030/06/20,283-tjy-5758,32-5377594
1537-1021-7392,Passport,2024/09/02,In Progress,Pass,2030/12/19,195-afx-2887,44-6363647
5704-3776-9094,Driving_License,2024/11/05,In Progress,Pass,2030/05/22,018-sze-4524,94-1603174
4057-6417-3923,Driving_License,2024/05/21,In Progress,Pass,2030/05/06,916-pbh-2203,73-6867957
0574-4802-5605,Aadhar_Card,2024/12/26,In Progress,Fail,2030/09/04,896-nqa-2211,04-3526744
2094-8438-8016,Aadhar_Card,2024/05/16,Completed,Fail,2030/10/13,192-oje-7858,69-2932992
0873-7804-0897,Aadhar_Card,2024/09/09,In Progress,Pass,2030/03/15,471-nnu-8087,78-0191875
2535-7830-4673,Passport,2024/03/14,Completed,Pass,2030/03/20,848-aif-9734,57-6353470
9800-1460-8838,social security card,2024/08/14,In Progress,Fail,2030/06/25,274-lsy-1888,59-3080929
7517-1540-1137,Driving_License,2024/12/13,In Progress,Fail,2030/08/30,952-brd-6903,10-6062589
0444-2137-9714,Aadhar_Card,2024/12/21,Completed,Pass,2030/05/11,650-uzr-7482,61-3846087
4522-0281-5619,Aadhar_Card,2024/10/11,In Progress,Pass,2030/06/14,787-brq-4526,20-5249421
2344-8809-4346,social security card,2024/08/30,Completed,Fail,2030/10/13,455-fpy-2211,64-1193195
2452-7960-5782,PAN_Card,2024/12/06,In Progress,Pass,2030/03/09,931-ljg-0041,01-4776650
1420-3189-0507,Aadhar_Card,2024/01/09,Completed,Fail,2030/12/31,222-bax-7471,44-4501993
9100-0193-9902,Passport,2024/11/09,In Progress,Fail,2030/08/17,282-hem-0074,20-1765836
8975-0791-8134,social security card,2024/01/28,In Progress,Pass,2030/03/11,194-rjr-3494,75-4902635
6566-4888-4923,Aadhar_Card,2024/11/18,Completed,Fail,2030/01/30,769-hfj-2460,95-8458836
0279-7304-7944,Passport,2024/07/25,In Progress,Fail,2030/02/19,330-cvy-2674,20-6431292
0695-1074-6178,PAN_Card,2024/05/08,Completed,Fail,2030/08/09,196-nfe-7647,40-0367873
3694-0528-0051,social security card,2024/09/27,In Progress,Fail,2030/07/20,684-kyr-4637,90-1883239
2616-7944-7876,Passport,2024/03/23,In Progress,Fail,2030/03/28,439-vdc-6591,05-6225180
6840-9593-5936,Passport,2024/05/05,In Progress,Pass,2030/04/24,016-ort-6266,84-6410721
8641-0108-2503,PAN_Card,2024/09/14,In Progress,Fail,2030/06/09,259-wog-4600,76-5952074
0672-8068-2892,Aadhar_Card,2024/10/11,In Progress,Pass,2030/08/11,517-fcr-1464,98-5811239
9356-3856-2132,Passport,2024/11/14,In Progress,Fail,2030/09/24,129-plx-1632,48-6003075
3032-4161-3196,Aadhar_Card,2024/12/12,Completed,Pass,2030/04/02,037-pxa-6053,27-1541565
2951-2740-5943,social security card,2024/10/20,Completed,Fail,2030/08/23,931-gdn-9121,22-9111363
0116-6554-1915,PAN_Card,2024/05/02,Completed,Fail,2030/07/30,302-ufs-8966,24-9452943
6468-8649-3477,PAN_Card,2024/10/11,Completed,Pass,2030/04/13,270-jui-5735,06-1943432
0123-4458-2992,Passport,2024/04/01,Completed,Pass,2030/11/11,523-bns-1308,47-8956608
8727-9490-9491,Driving_License,2024/07/28,Completed,Pass,2030/08/22,772-xpf-2060,67-3734372
4444-5015-7754,PAN_Card,2024/07/09,In Progress,Pass,2030/09/18,156-ipd-9746,59-1809691
2886-1474-3076,social security card,2024/10/10,In Progress,Fail,2030/10/23,205-gpt-5065,73-5507655
4483-0675-3704,Driving_License,2024/10/19,In Progress,Fail,2030/04/19,706-gos-0633,33-3151343
1959-4041-0629,Passport,2024/09/03,In Progress,Fail,2030/07/14,501-vab-1388,93-1290732
4327-5679-2895,Aadhar_Card,2024/07/29,Completed,Fail,2030/06/22,166-yas-8856,18-0055161
2327-1381-4273,Passport,2024/01/01,In Progress,Pass,2030/07/09,935-ukg-2243,00-1810227
7646-4794-5103,PAN_Card,2024/04/11,Completed,Pass,2030/11/09,216-gzd-3502,02-7811677
6692-7261-6193,Passport,2024/06/03,In Progress,Fail,2030/07/31,100-avx-2317,11-2962626
2389-3927-8344,Aadhar_Card,2024/03/01,Completed,Fail,2030/04/26,487-gjv-4136,97-7764944
5921-5088-8181,Driving_License,2024/10/21,In Progress,Fail,2030/09/24,706-nds-7082,74-6108383
6039-7734-7661,social security card,2024/09/28,In Progress,Fail,2030/07/15,764-gse-3517,87-5738515
0075-6380-8510,Driving_License,2024/05/12,In Progress,Fail,2030/04/27,104-vog-1969,10-2187323
4558-7403-3030,PAN_Card,2024/12/17,In Progress,Pass,2030/07/20,407-sni-0342,99-9335857
3507-3747-9411,social security card,2024/03/29,Completed,Fail,2030/06/14,668-bxl-4928,39-3809948
1921-8692-2251,PAN_Card,2024/12/03,In Progress,Pass,2030/07/24,596-vah-1918,54-0829799
8405-3182-6052,Aadhar_Card,2024/08/20,Completed,Fail,2030/02/06,037-zhh-4120,97-5847701
2891-1473-2305,PAN_Card,2024/10/05,In Progress,Pass,2030/05/30,448-ggd-8736,58-3738762
3777-7947-8021,social security card,2024/03/17,Completed,Fail,2030/03/08,340-wmv-1068,82-8736596
8574-2457-6382,Aadhar_Card,2024/03/01,In Progress,Fail,2030/10/20,467-bhh-8125,11-5388585
0019-8739-9735,Driving_License,2024/07/21,In Progress,Fail,2030/12/05,892-vws-4774,95-5279934
1856-4227-8021,Passport,2024/11/18,In Progress,Fail,2030/06/20,510-eyy-9164,85-2911994
5432-0778-4650,PAN_Card,2024/06/19,Completed,Fail,2030/03/30,525-lmq-5226,91-6908177
2664-8219-4971,Passport,2024/03/17,In Progress,Pass,2030/06/16,812-pog-9325,23-7602977
5162-7939-9331,Passport,2024/05/26,Completed,Pass,2030/10/05,221-npa-0993,74-4881973
7810-6214-4812,Aadhar_Card,2024/05/18,In Progress,Fail,2030/06/26,817-ioq-6598,94-5051068
0586-6574-9128,Passport,2024/05/31,Completed,Pass,2030/12/27,349-zcv-2030,16-2294538
6288-4817-4338,Aadhar_Card,2024/06/13,In Progress,Fail,2030/05/18,769-bjb-6822,11-3918069
7241-6620-2649,Passport,2024/01/23,Completed,Pass,2030/01/03,270-vxq-5884,19-4834101
4978-9971-3398,PAN_Card,2024/06/22,Completed,Pass,2030/10/08,647-pyq-3291,81-4495697
2995-4374-3555,social security card,2024/08/22,Completed,Pass,2030/11/15,464-yit-2555,80-8389234
6139-6784-4608,Aadhar_Card,2024/10/13,Completed,Fail,2030/07/23,065-une-1570,60-3036081
5072-0774-3302,Driving_License,2024/11/04,In Progress,Fail,2030/05/19,519-xmp-2058,62-8606689
8822-4535-8761,Driving_License,2024/08/14,In Progress,Pass,2030/11/04,685-jek-0963,20-2585433
4236-8132-2737,Driving_License,2024/11/04,Completed,Pass,2030/10/07,580-gil-1880,15-9152397
1982-0474-8616,Aadhar_Card,2024/01/05,Completed,Pass,2030/10/29,767-iam-7436,12-3850982
8505-2021-2031,Passport,2024/08/23,In Progress,Pass,2030/01/31,462-mic-4412,11-6656693
6192-2142-4897,social security card,2024/09/01,In Progress,Fail,2030/03/28,809-wpo-3022,49-9132823
2508-3128-6883,Driving_License,2024/08/12,In Progress,Pass,2030/07/12,891-ycb-2446,62-7493874
7871-3812-5090,Driving_License,2024/05/11,Completed,Fail,2030/11/22,891-wmn-2320,41-9909634
2809-1760-2303,PAN_Card,2024/07/30,In Progress,Pass,2030/06/03,388-azi-0516,34-5483926
6406-4200-9710,Driving_License,2024/05/13,Completed,Pass,2030/04/28,785-phw-2070,98-0426881
2216-3698-5084,Driving_License,2024/03/14,In Progress,Fail,2030/05/02,527-vgs-8329,60-7461515
1537-3152-3494,Passport,2024/08/28,Completed,Pass,2030/10/10,623-uhf-7824,07-7033861
8597-9047-6645,Aadhar_Card,2024/09/15,Completed,Fail,2030/05/13,556-qav-1326,05-3050908
7148-5695-5212,social security card,2024/11/03,Completed,Pass,2030/03/27,434-oik-9528,14-7239792
9089-7114-1918,Driving_License,2024/02/21,Completed,Pass,2030/12/12,697-pms-1981,93-6041252
3449-2099-7719,PAN_Card,2024/10/23,Completed,Fail,2030/07/01,439-clr-6777,10-4388640
2774-6617-5863,social security card,2024/01/31,In Progress,Pass,2030/05/24,627-dro-6010,67-7035344
8382-1574-7899,Driving_License,2024/03/24,Completed,Pass,2030/06/10,512-hdn-1931,88-3878847
5229-0229-3601,PAN_Card,2024/03/25,In Progress,Fail,2030/04/06,049-jaa-9958,99-9509695
7888-1694-0654,Aadhar_Card,2024/06/11,In Progress,Fail,2030/03/06,994-lym-3126,35-0714272
5224-2669-5643,PAN_Card,2024/03/19,Completed,Fail,2030/05/16,417-bxo-2225,78-0057558
5655-2709-8643,Driving_License,2024/09/25,In Progress,Pass,2030/03/08,987-zwx-5640,84-6792246
9074-9152-7055,Passport,2024/12/20,In Progress,Fail,2030/07/23,416-xpx-5783,98-1373251
1917-7234-5780,PAN_Card,2024/10/10,Completed,Fail,2030/08/25,218-cpe-2509,14-2906798
2401-8695-6640,Driving_License,2024/07/13,In Progress,Fail,2030/12/17,953-cue-9820,91-4735033
6175-3721-7577,Passport,2024/04/20,Completed,Fail,2030/07/30,678-upo-8679,15-6163639
7129-9591-4149,Driving_License,2024/07/07,Completed,Pass,2030/04/13,642-jom-1719,60-2338870
2919-8765-2121,social security card,2024/04/04,Completed,Pass,2030/10/21,411-pca-9798,86-3734801
1124-1995-7787,Driving_License,2024/01/30,In Progress,Pass,2030/05/06,882-wug-8014,30-6022716
5418-1425-6969,Passport,2024/03/30,Completed,Pass,2030/11/03,796-rpx-0598,48-3327001
8023-7674-7421,Passport,2024/08/01,Completed,Pass,2030/12/13,037-ofw-4718,78-5338461
8758-3541-1793,Aadhar_Card,2024/08/28,In Progress,Pass,2030/06/10,365-wlq-0188,02-2825464
9553-7981-0861,Driving_License,2024/01/12,In Progress,Fail,2030/07/26,701-uuv-8607,23-3148076
5436-8270-6225,PAN_Card,2024/09/08,Completed,Fail,2030/08/24,495-ifp-9009,79-9211766
2808-0228-8713,Passport,2024/05/07,Completed,Fail,2030/01/17,741-fcd-2806,90-1538103
8371-1806-2619,Aadhar_Card,2024/11/02,Completed,Fail,2030/09/04,787-tsr-7640,51-4566464
1795-1361-3329,Passport,2024/03/27,In Progress,Fail,2030/08/20,769-goi-5570,27-4757913
8189-2893-0860,PAN_Card,2024/11/17,Completed,Pass,2030/01/02,816-fts-0702,08-8385121
5548-6227-0689,Driving_License,2024/11/21,In Progress,Fail,2030/02/10,772-ayx-6687,92-8843442
0144-4274-1767,Aadhar_Card,2024/03/22,Completed,Fail,2030/01/09,306-oyq-1747,48-5792006
5793-6595-1609,social security card,2024/03/02,In Progress,Fail,2030/09/22,067-doo-3961,12-9443781
5411-1813-9880,Aadhar_Card,2024/09/14,In Progress,Pass,2030/11/22,607-rvr-5260,00-5818652
4800-0204-3860,Driving_License,2024/03/10,Completed,Pass,2030/01/26,039-ejr-9746,92-4812149
6333-2878-5201,social security card,2024/11/10,In Progress,Pass,2030/10/03,443-yle-1249,42-5066770
8552-0868-7000,Driving_License,2024/09/28,In Progress,Fail,2030/08/29,228-sgw-2636,52-5672770
9320-4646-6873,PAN_Card,2024/12/11,In Progress,Fail,2030/10/19,667-wez-9324,61-0615152
5937-5601-5735,PAN_Card,2024/02/24,In Progress,Fail,2030/05/02,761-fzq-0944,38-5863988
3187-6922-5627,social security card,2024/08/30,In Progress,Fail,2030/11/04,333-tde-5927,20-7332856
3933-6406-5942,Driving_License,2024/10/29,In Progress,Fail,2030/05/28,379-qyu-1260,05-8400081
8441-8776-6589,PAN_Card,2024/02/26,In Progress,Fail,2030/05/25,162-hku-5682,76-9666785
7813-6082-8138,Driving_License,2024/08/09,In Progress,Pass,2030/02/21,608-pju-7354,11-7595625
3620-2807-3134,social security card,2024/09/02,In Progress,Pass,2030/08/12,735-snl-3829,00-1373955
4950-1354-1411,PAN_Card,2024/06/23,Completed,Pass,2030/06/11,536-yrk-1353,48-5667739
8533-8902-9129,Passport,2024/12/23,Completed,Pass,2030/02/05,877-guk-2806,23-7990275
8189-0594-7636,Driving_License,2024/09/13,In Progress,Pass,2030/11/28,071-yxy-0521,38-7473466
7596-2470-3571,Aadhar_Card,2024/08/07,In Progress,Fail,2030/08/26,558-nwk-6747,46-0207907
2603-2620-8305,Aadhar_Card,2024/04/13,In Progress,Pass,2030/03/20,599-lxf-4243,63-9538101
7066-2532-9069,social security card,2024/03/02,Completed,Pass,2030/07/13,044-pxd-3769,73-3620050
5380-6090-7344,PAN_Card,2024/07/30,In Progress,Fail,2030/05/08,889-ahd-9512,40-6284491
1441-8917-1138,PAN_Card,2024/12/24,In Progress,Fail,2030/05/30,585-kxc-9304,47-8635158
3374-3786-6961,Aadhar_Card,2024/01/26,In Progress,Pass,2030/04/07,377-pwc-5688,95-2048151
4855-1569-9714,Aadhar_Card,2024/03/06,In Progress,Fail,2030/10/15,066-rye-8173,15-5193240
9153-1719-5719,PAN_Card,2024/12/27,Completed,Pass,2030/05/08,263-mfv-5229,26-1647935
3013-7575-3914,Driving_License,2024/02/16,Completed,Fail,2030/04/27,749-zgz-7738,01-0237326
1171-9439-1319,Aadhar_Card,2024/07/13,In Progress,Fail,2030/05/18,854-lrx-2064,51-7072575
3559-0817-0518,PAN_Card,2024/09/29,In Progress,Fail,2030/04/04,312-ytg-6315,24-1636595
8257-4947-4818,Driving_License,2024/07/18,Completed,Fail,2030/09/18,322-pth-2599,47-7172739
7596-7067-0900,Driving_License,2024/04/18,In Progress,Pass,2030/10/18,718-mjo-4429,98-7999586
1846-5467-0129,social security card,2024/01/06,Completed,Fail,2030/12/27,872-ita-3376,97-4253868
1452-8300-4034,Driving_License,2024/07/16,Completed,Fail,2030/06/27,659-dkf-1284,83-4423005
7102-9353-6777,social security card,2024/12/06,In Progress,Fail,2030/08/11,467-bbz-4851,83-6408179
0637-0685-3313,social security card,2024/04/30,In Progress,Fail,2030/06/10,907-stk-5087,15-9711483
9265-2623-5112,Aadhar_Card,2024/01/22,Completed,Pass,2030/06/06,350-eah-5011,84-7120363
9021-1364-8451,Passport,2024/06/08,Completed,Fail,2030/03/07,109-lid-5080,46-3293366
3301-5209-2938,Passport,2024/02/18,Completed,Fail,2030/07/14,679-ywr-3424,39-1299101
9699-6759-3838,PAN_Card,2024/07/19,Completed,Pass,2030/01/02,361-yxg-1004,44-2278109
5970-4287-1992,Driving_License,2024/05/20,Completed,Fail,2030/06/07,759-rzf-2227,64-5065207
3010-6248-4296,Aadhar_Card,2024/09/30,Completed,Fail,2030/04/15,372-leu-4973,62-3346295
7495-7347-6085,PAN_Card,2024/06/10,Completed,Pass,2030/10/03,540-tbx-5543,86-3490742
9542-2509-0309,Aadhar_Card,2024/09/22,In Progress,Fail,2030/06/17,737-jwd-5155,71-7972372
1419-0722-6484,social security card,2024/01/20,In Progress,Pass,2030/04/04,220-uyk-6836,54-1516362
9583-5003-2914,Aadhar_Card,2024/01/16,Completed,Pass,2030/11/09,394-niz-3169,23-7823167
3601-7118-2037,social security card,2024/09/16,Completed,Pass,2030/03/03,298-iuj-7348,38-8891110
7651-0068-0852,Driving_License,2024/01/29,In Progress,Fail,2030/06/08,462-cbt-8428,25-3104375
4539-1762-6947,Driving_License,2024/01/15,In Progress,Pass,2030/03/01,153-vgn-4500,00-5107768
5711-0852-6410,Passport,2024/04/02,Completed,Fail,2030/01/20,296-vrg-7692,68-3652021
9788-6701-9642,Aadhar_Card,2024/05/08,Completed,Fail,2030/01/19,180-qba-3140,53-7131360
8631-0287-1388,social security card,2024/10/12,Completed,Pass,2030/05/30,993-emi-9549,35-6176630
0735-6658-6672,social security card,2024/09/12,Completed,Pass,2030/07/09,937-iza-3365,79-2898025
9165-5999-8606,Aadhar_Card,2024/11/13,Completed,Fail,2030/10/01,214-wnr-9328,09-3439654
9924-6450-5425,social security card,2024/06/08,Completed,Fail,2030/05/13,074-kwh-5920,57-3677687
7001-9654-2476,PAN_Card,2024/06/25,In Progress,Fail,2030/06/21,598-yrd-4092,42-1989364
3820-6523-1942,Driving_License,2024/04/02,Completed,Fail,2030/04/28,288-ifn-5676,93-1596166
6060-8721-2318,Aadhar_Card,2024/08/09,In Progress,Pass,2030/03/30,509-aiv-1872,84-8313812
7447-0471-4373,Driving_License,2024/07/24,In Progress,Pass,2030/09/06,326-nqx-8370,45-2503381
6246-3579-6233,social security card,2024/07/11,In Progress,Fail,2030/05/03,561-efl-0862,53-4448424
8863-3099-7509,Driving_License,2024/04/22,In Progress,Pass,2030/09/29,256-kxz-2300,61-6924228
7149-7109-7444,PAN_Card,2024/09/12,In Progress,Fail,2030/08/02,419-avb-7596,91-4481993
0193-4958-8710,Passport,2024/02/06,Completed,Fail,2030/07/07,381-pdb-2676,86-5519844
7335-1794-5477,PAN_Card,2024/10/06,Completed,Fail,2030/05/26,344-fkx-9293,71-2542234
1631-9798-1922,social security card,2024/01/26,Completed,Pass,2030/02/01,435-ouh-3607,07-7844472
7435-5107-1265,Passport,2024/05/24,In Progress,Fail,2030/04/01,245-udi-5211,74-3013272
1219-6698-4987,PAN_Card,2024/03/19,Completed,Fail,2030/05/13,246-kcu-8422,27-9961745
7476-0947-9530,social security card,2024/08/15,Completed,Fail,2030/10/18,845-uww-4367,24-1293588
2300-5170-1331,Aadhar_Card,2024/01/04,Completed,Pass,2030/01/03,931-qkm-9434,99-0462095
9765-9936-7104,Driving_License,2024/08/24,In Progress,Fail,2030/03/12,189-yal-7400,00-0264691
6802-1068-6056,Driving_License,2024/04/08,In Progress,Fail,2030/02/03,934-rpe-7475,23-6073847
3735-2803-0604,Passport,2024/12/02,In Progress,Fail,2030/10/31,283-buz-7762,22-3964669
9667-3986-9996,Passport,2024/01/21,In Progress,Fail,2030/10/17,969-oit-3242,31-1166816
2749-6015-5554,Aadhar_Card,2024/10/15,Completed,Fail,2030/03/09,729-tyi-6531,07-2082747
7671-3361-4131,Driving_License,2024/02/02,Completed,Pass,2030/08/05,605-ycx-0034,47-1003397
8711-4733-0956,Driving_License,2024/11/21,Completed,Pass,2030/12/15,066-pkx-3169,90-4638024
0246-9295-0991,PAN_Card,2024/08/23,Completed,Fail,2030/01/06,763-fjf-1738,77-1359863
1137-2088-3195,Driving_License,2024/08/05,Completed,Pass,2030/08/04,632-cpi-3593,55-0217646
5459-5533-1265,Passport,2024/02/27,Completed,Pass,2030/08/24,283-ntm-5599,74-2992097
4858-6033-6301,PAN_Card,2024/01/21,In Progress,Pass,2030/04/23,324-yhf-6004,34-6294115
5724-0734-5744,PAN_Card,2024/03/06,Completed,Pass,2030/11/24,683-nik-6752,93-7890599
0694-4956-0208,Passport,2024/08/20,In Progress,Pass,2030/12/20,873-hcu-6293,02-3730418
8167-9299-2081,social security card,2024/02/21,In Progress,Pass,2030/11/06,410-yda-4339,16-8940760
9684-1811-7991,Passport,2024/06/13,Completed,Fail,2030/01/21,136-ilv-1630,21-9539716
9642-3491-5148,PAN_Card,2024/02/01,In Progress,Fail,2030/05/02,480-enk-3487,77-8153315
7841-7098-9263,Passport,2024/07/28,Completed,Fail,2030/03/25,505-jrf-3269,61-9302114
9240-7660-7930,Aadhar_Card,2024/02/16,Completed,Fail,2030/09/23,116-dvb-1223,10-5348854
6937-4504-2289,Driving_License,2024/10/04,Completed,Fail,2030/02/24,548-ixp-7763,26-3046984
7141-5329-9458,PAN_Card,2024/04/09,Completed,Fail,2030/12/17,162-ppr-4371,55-7347546
5084-7890-5422,PAN_Card,2024/08/23,In Progress,Fail,2030/03/14,007-ckg-1370,88-6560792
3842-6054-6973,Passport,2024/11/11,In Progress,Fail,2030/12/02,160-trq-9396,11-9268756
7497-2664-0995,Aadhar_Card,2024/10/24,Completed,Fail,2030/12/22,258-pva-6972,44-7904128
4387-9843-8068,social security card,2024/10/03,In Progress,Pass,2030/09/13,787-wrx-9782,29-7599387
9763-3399-2934,Driving_License,2024/05/23,In Progress,Fail,2030/03/11,115-osx-4262,15-3016951
8608-4506-8566,Passport,2024/09/16,Completed,Pass,2030/02/13,182-tms-9968,77-9944443
3213-6205-4853,Aadhar_Card,2024/02/24,Completed,Fail,2030/10/01,484-clr-9485,96-7678719
3867-9682-4327,Aadhar_Card,2024/01/19,Completed,Fail,2030/03/17,595-mlx-4333,51-1160359
6887-9709-5125,social security card,2024/01/23,In Progress,Fail,2030/03/09,207-zhq-5493,32-1982709
0051-5773-3883,social security card,2024/06/10,Completed,Fail,2030/12/17,084-ree-8867,00-6384418
4739-0642-6884,Passport,2024/10/14,In Progress,Fail,2030/10/04,172-xih-5711,49-0026742
7200-7370-1141,Aadhar_Card,2024/02/12,In Progress,Pass,2030/09/30,595-ibb-1291,96-3318661
3357-2289-3791,social security card,2024/06/28,Completed,Pass,2030/12/01,240-xen-5790,59-1258741
5538-3399-7978,PAN_Card,2024/08/31,In Progress,Pass,2030/02/12,175-knp-5025,59-2498420
1478-7955-8485,Passport,2024/04/25,In Progress,Pass,2030/12/19,285-egr-8428,64-8505963
4046-7542-0042,Driving_License,2024/08/02,In Progress,Pass,2030/11/15,136-xco-2138,28-0944707
4463-4808-2750,PAN_Card,2024/02/15,Completed,Pass,2030/05/08,892-kkq-8000,03-4711277
3352-0241-1769,Passport,2024/08/16,Completed,Pass,2030/11/06,369-syf-0613,38-4273941
3646-5183-3409,Aadhar_Card,2024/03/09,Completed,Fail,2030/12/22,191-keh-8058,89-3471035
6144-8906-4666,Driving_License,2024/07/22,Completed,Fail,2030/02/20,974-nvi-1269,08-4858935
0555-8685-3488,Passport,2024/07/12,In Progress,Pass,2030/02/19,986-yvk-1986,74-3754277
9263-5255-6136,social security card,2024/07/08,In Progress,Pass,2030/05/16,055-ulp-8258,05-1997863
2483-9825-9847,Passport,2024/03/31,In Progress,Pass,2030/02/21,155-yua-1974,79-7857169
1073-0037-0968,social security card,2024/06/03,Completed,Fail,2030/05/14,015-brv-9596,74-7068384
7282-7494-4537,Driving_License,2024/03/05,In Progress,Fail,2030/05/16,597-mmd-9860,56-5444509
8000-9911-5563,Aadhar_Card,2024/07/21,Completed,Pass,2030/10/10,673-zqh-8357,07-0917362
3084-7379-4106,PAN_Card,2024/11/01,In Progress,Pass,2030/05/24,884-isj-5090,30-9231666
4838-2445-0057,social security card,2024/01/10,In Progress,Pass,2030/04/06,735-kzs-5054,14-1205211
1522-1582-4334,social security card,2024/06/21,In Progress,Pass,2030/11/27,912-itc-2046,60-3365156
1932-5729-9283,Passport,2024/06/03,Completed,Fail,2030/01/31,719-esq-0919,63-7518086
6029-9566-4354,Driving_License,2024/04/03,In Progress,Fail,2030/10/28,926-yfu-2574,37-5091512
6101-4598-3892,Passport,2024/03/25,Completed,Fail,2030/07/04,233-ypt-8052,47-6423176
5953-3435-9820,Aadhar_Card,2024/06/02,Completed,Pass,2030/08/13,921-oaz-0058,94-2650972
7887-3647-6807,PAN_Card,2024/09/07,In Progress,Fail,2030/12/06,504-rdq-5987,63-2486323
9839-3511-9583,Driving_License,2024/07/14,Completed,Pass,2030/09/20,918-mhn-1230,34-0833411
8890-3779-4054,social security card,2024/08/16,Completed,Pass,2030/03/14,384-wyx-9517,85-6527938
0920-5010-0950,Aadhar_Card,2024/05/21,In Progress,Fail,2030/10/20,958-mls-6509,04-4483384
7969-3168-4307,Driving_License,2024/12/18,In Progress,Pass,2030/03/08,762-mjn-1645,82-2072777
2013-7677-0687,PAN_Card,2024/01/19,In Progress,Fail,2030/08/31,932-xor-7404,70-0182735
1213-7579-7951,Aadhar_Card,2024/03/02,In Progress,Fail,2030/08/31,078-cwd-6226,04-6367902
4224-3981-8924,social security card,2024/05/24,In Progress,Fail,2030/01/20,999-oxj-5387,34-1475280
3494-0815-5752,PAN_Card,2024/05/10,In Progress,Fail,2030/04/20,553-tat-6202,35-2077664
4937-6089-8467,PAN_Card,2024/08/24,Completed,Pass,2030/07/06,022-mio-5845,50-5678690
6329-7168-9130,social security card,2024/04/29,Completed,Pass,2030/05/13,105-ewo-5688,01-6050362
9261-3675-7812,social security card,2024/02/20,Completed,Pass,2030/12/15,822-jlq-2894,30-9579132
9964-3473-5960,Driving_License,2024/11/04,Completed,Fail,2030/10/27,185-xgv-1281,40-5322218
5580-9340-9497,Driving_License,2024/12/29,In Progress,Fail,2030/02/06,069-pxv-8244,95-5793847
9919-9617-0716,Passport,2024/11/29,Completed,Pass,2030/09/24,323-vdx-7962,12-0824954
2246-4899-7285,Aadhar_Card,2024/02/16,In Progress,Pass,2030/02/03,491-wya-7121,28-8133928
5885-1462-7360,Aadhar_Card,2024/04/24,In Progress,Pass,2030/02/17,580-dob-3642,29-2542184
7028-7248-6856,Passport,2024/03/18,Completed,Fail,2030/05/18,335-fro-7210,59-0948838
9560-6240-1731,Aadhar_Card,2024/10/31,Completed,Fail,2030/09/18,569-vin-2667,04-9658261
9419-5872-8472,PAN_Card,2024/08/06,In Progress,Pass,2030/04/25,861-ysq-6824,75-5030862
2034-1864-4587,PAN_Card,2024/12/31,In Progress,Fail,2030/02/13,697-nfa-8701,24-2890510
6349-3850-2055,Driving_License,2024/11/25,In Progress,Pass,2030/10/18,955-cqh-6660,02-2196573
3266-7869-5813,Aadhar_Card,2024/05/16,Completed,Pass,2030/08/28,206-zks-0605,53-8101957
5968-3710-6679,PAN_Card,2024/03/03,Completed,Pass,2030/07/01,033-lpm-5472,51-0450978
1466-2948-3653,social security card,2024/12/28,Completed,Fail,2030/05/02,841-mpj-2250,34-2766234
9160-1753-5684,social security card,2024/01/30,In Progress,Fail,2030/12/11,653-ssw-7033,28-5148149
1322-4462-2034,Passport,2024/10/23,Completed,Pass,2030/10/25,281-etq-2068,81-0502403
5495-9883-8647,Aadhar_Card,2024/08/16,Completed,Fail,2030/06/23,569-ogi-7751,50-0985047
5374-4990-8577,social security card,2024/11/21,Completed,Pass,2030/05/27,168-uoh-1596,05-2028232
8330-0229-9859,Aadhar_Card,2024/07/15,Completed,Pass,2030/12/03,121-jdj-6386,95-0294131
8816-4815-2462,Passport,2024/05/22,In Progress,Pass,2030/11/14,486-irb-0396,73-1455280
9919-3629-8051,Aadhar_Card,2024/09/29,In Progress,Pass,2030/11/26,277-ynu-9877,33-5297790
4934-2711-9726,Aadhar_Card,2024/05/01,Completed,Fail,2030/06/09,153-ecp-4950,62-9176733
6544-9671-9953,Driving_License,2024/01/04,In Progress,Pass,2030/03/31,466-enm-8204,40-2001760
8630-2995-8353,social security card,2024/01/09,In Progress,Fail,2030/01/10,615-lpg-4919,88-0098953
3809-5302-2163,Aadhar_Card,2024/10/24,Completed,Pass,2030/04/10,496-urj-8739,75-5773891
0215-9300-7149,Driving_License,2024/07/19,Completed,Pass,2030/07/30,484-ngw-7006,17-8139764
6747-3014-7403,PAN_Card,2024/08/27,Completed,Pass,2030/01/18,145-ild-1732,06-0844141
3232-8779-8438,social security card,2024/09/04,Completed,Pass,2030/07/01,327-yzg-5087,82-1616840
2200-5641-1640,Aadhar_Card,2024/09/05,In Progress,Pass,2030/02/06,531-syi-3063,64-1371672
3372-7725-5061,social security card,2024/10/29,In Progress,Fail,2030/12/21,199-utt-8429,99-0416244
2828-5986-4988,Aadhar_Card,2024/08/18,In Progress,Pass,2030/05/27,904-pdc-8755,13-6522597
3461-5438-8338,Passport,2024/05/26,In Progress,Fail,2030/07/03,301-uhr-3385,11-6185142
7394-7452-9470,Passport,2024/11/05,Completed,Fail,2030/07/08,950-tua-0145,37-4701353
9004-2501-2377,PAN_Card,2024/11/01,Completed,Fail,2030/08/27,211-npf-6008,30-2797459
6214-3904-1994,Driving_License,2024/04/19,In Progress,Pass,2030/12/20,602-ebb-5061,80-5498739
8196-8195-7382,Driving_License,2024/04/30,Completed,Fail,2030/03/31,399-les-3056,12-2349623
4978-0020-0476,PAN_Card,2024/02/27,Completed,Fail,2030/12/07,909-lxi-8748,86-5582890
8617-6700-9957,Driving_License,2024/08/20,In Progress,Pass,2030/11/11,354-uan-4860,00-1818952
8959-8570-8468,Aadhar_Card,2024/03/16,Completed,Fail,2030/11/22,548-ajl-3313,06-3518007
1714-3360-0105,Aadhar_Card,2024/06/08,Completed,Fail,2030/05/02,054-lah-9967,00-3932249
9406-5372-9632,social security card,2024/08/20,In Progress,Pass,2030/06/24,789-ouf-1123,10-1456610
9078-9217-7309,PAN_Card,2024/02/21,Completed,Pass,2030/10/16,300-xuq-0827,73-0178071
2833-2757-0050,PAN_Card,2024/09/09,In Progress,Fail,2030/01/31,679-gth-5193,50-0268377
7230-2084-0639,Driving_License,2024/07/22,Completed,Pass,2030/02/18,952-gxt-0917,33-6617956
4431-8044-8135,Driving_License,2024/07/08,Completed,Fail,2030/02/19,416-uww-2170,69-1225338
6418-6346-6240,Driving_License,2024/07/02,Completed,Fail,2030/12/24,135-ctt-0950,73-9431795
9971-2814-4195,Aadhar_Card,2024/10/17,Completed,Pass,2030/01/31,689-kuo-9247,56-0159837
1959-8535-0471,Passport,2024/01/01,Completed,Fail,2030/09/29,398-fqk-4949,18-9158664
3381-0901-8400,PAN_Card,2024/07/10,In Progress,Pass,2030/08/26,052-gdk-5248,46-5725876
4315-2398-7823,Aadhar_Card,2024/12/15,Completed,Fail,2030/01/23,994-itd-1017,69-6148795
6349-9819-1969,Aadhar_Card,2024/11/21,Completed,Pass,2030/03/23,331-gmg-3306,37-5987343
0223-7953-1725,Driving_License,2024/09/02,In Progress,Fail,2030/09/06,161-qro-1038,37-4194718
4735-4551-4284,Passport,2024/05/10,In Progress,Fail,2030/01/13,158-tcp-1446,52-6455928
4017-9270-2880,social security card,2024/11/14,Completed,Pass,2030/03/03,798-ezt-9588,37-9811687
2786-3554-7412,social security card,2024/06/06,In Progress,Fail,2030/08/14,171-zvz-2429,48-3960472
6131-4144-3418,social security card,2024/12/28,In Progress,Fail,2030/11/15,282-ksu-2290,48-3066650
0669-8633-4986,social security card,2024/07/31,Completed,Pass,2030/05/23,130-nkf-6844,75-8859253
3299-9522-3807,Aadhar_Card,2024/03/10,Completed,Fail,2030/01/07,636-owh-1763,14-1010034
9679-9630-3321,Passport,2024/08/12,Completed,Fail,2030/02/27,230-mro-6480,10-5434661
7444-9754-5244,PAN_Card,2024/01/20,In Progress,Fail,2030/10/13,820-nvi-4448,61-0098464
7613-1838-1801,PAN_Card,2024/04/20,Completed,Pass,2030/04/29,216-tnf-0212,17-5968230
8828-9401-6894,Aadhar_Card,2024/09/20,In Progress,Pass,2030/12/22,488-llj-9129,46-2661885
6151-8973-0579,Passport,2024/11/12,In Progress,Fail,2030/04/19,913-zui-8962,79-2912468
8657-4909-6284,Passport,2024/07/11,In Progress,Fail,2030/11/25,583-dqt-7775,85-1041033
4338-7362-6117,PAN_Card,2024/03/28,In Progress,Fail,2030/12/10,685-wll-4206,71-6039699
2889-5207-9874,Passport,2024/11/01,In Progress,Fail,2030/02/02,982-qgq-9864,17-1647824
0618-1110-5587,PAN_Card,2024/04/06,Completed,Pass,2030/09/10,925-hfw-4339,21-1728830
0267-4870-6196,Aadhar_Card,2024/03/06,In Progress,Fail,2030/03/04,350-wev-0599,15-5931557
6804-4663-5351,social security card,2024/03/09,Completed,Pass,2030/05/20,701-pyi-1827,82-4302082
7359-1001-8651,Aadhar_Card,2024/10/31,In Progress,Pass,2030/12/11,731-pcd-9876,04-7586913
2662-9761-9255,PAN_Card,2024/07/13,In Progress,Fail,2030/07/07,560-zog-7416,49-1551438
2388-9828-8370,social security card,2024/03/04,In Progress,Pass,2030/01/04,242-xgf-3912,32-5253841