Passport_No,Nationality,Passport_exp_date,Passport_issue_date,ID_Emp
67-748-9817,Greece,2029-09-01,2023-10-06,60-0072641
78-740-5822,Poland,2029-06-22,2023-08-09,44-4165602
68-093-6017,China,2029-07-27,2023-01-03,84-9358758
05-150-3336,Belarus,2029-07-08,2023-09-23,18-6355086
72-389-7138,Czech Republic,2029-06-03,2023-05-07,84-1648594
38-798-5683,China,2029-05-22,2023-10-24,59-0617453
05-545-7232,China,2029-03-03,2023-01-01,12-6766175
57-589-5558,Poland,2029-03-29,2023-11-01,77-2438406
26-686-2313,Brazil,2029-07-28,2023-10-30,57-0750334
68-260-3952,China,2029-12-16,2023-02-19,71-0694976
90-706-2440,Philippines,2029-11-02,2023-09-01,96-4606061
04-433-2090,Argentina,2029-03-12,2023-04-09,08-9785025
34-213-4169,Indonesia,2029-07-05,2023-05-16,57-9286794
18-137-5829,China,2029-04-18,2023-07-26,73-3959052
31-402-3882,China,2029-07-22,2023-07-10,29-4197248
92-767-4879,Indonesia,2029-10-23,2023-04-08,74-2182640
38-729-1941,Honduras,2029-06-01,2023-07-15,46-7778802
18-639-7660,China,2029-08-10,2023-12-03,79-5397271
75-400-1930,Afghanistan,2029-12-26,2023-04-05,29-8278968
78-699-7664,China,2029-07-04,2023-09-18,61-0839384
26-217-6126,Armenia,2029-06-20,2023-08-08,78-6088349
56-776-9584,Germany,2029-01-20,2023-01-29,30-1350446
51-226-7161,United States,2029-10-09,2023-10-23,54-4248611
53-329-5778,Malta,2029-01-26,2023-09-11,45-2784484
26-544-4316,China,2029-11-03,2023-03-05,77-9466328
19-837-5329,Russia,2029-08-30,2023-08-28,97-3370904
46-721-9608,China,2029-07-25,2023-04-26,53-7192989
09-839-4226,Panama,2029-11-17,2023-07-04,06-5285518
57-167-0396,Finland,2029-05-20,2023-06-24,43-0732864
04-836-4785,Germany,2029-05-28,2023-07-02,09-2099123
62-490-8187,Japan,2029-07-15,2023-11-23,21-9329615
58-619-1390,United States,2029-07-05,2023-05-03,65-9140698
10-074-7627,Philippines,2029-04-03,2023-09-24,26-3623073
58-145-0929,Moldova,2029-07-11,2023-04-25,98-3711077
08-458-3166,Indonesia,2029-05-22,2023-04-28,36-2680229
72-310-6557,Philippines,2029-04-01,2023-03-09,91-6919554
49-168-7768,New Zealand,2029-12-26,2023-07-23,15-2743010
26-273-3649,Portugal,2029-07-14,2023-06-17,41-8288667
28-842-5391,Kenya,2029-05-04,2023-04-04,60-0624784
54-391-5272,China,2029-05-01,2023-06-01,85-5248387
62-393-2951,China,2029-10-01,2023-12-04,04-4182764
72-270-1468,China,2029-05-29,2023-03-09,49-4157383
51-297-2293,Thailand,2029-04-11,2023-04-07,33-6712491
87-410-6756,Albania,2029-10-02,2023-03-25,19-6336953
46-576-3142,Belarus,2029-06-28,2023-12-20,10-9746142
64-172-4653,Cambodia,2029-12-19,2023-09-12,23-9033050
40-068-4708,Czech Republic,2029-12-16,2023-02-28,62-7447665
79-497-9798,Indonesia,2029-03-26,2023-10-04,83-0057557
86-070-5216,Indonesia,2029-12-23,2023-03-01,60-1670702
78-698-5373,Russia,2029-07-09,2023-11-16,73-4685275
92-217-7815,Poland,2029-01-17,2023-08-07,88-9565952
48-276-0703,Brazil,2029-05-13,2023-08-19,10-5387783
42-614-3467,Finland,2029-06-23,2023-09-22,43-1373735
10-009-5434,China,2029-11-09,2023-02-18,47-2919828
93-540-2595,Czech Republic,2029-09-28,2023-01-24,95-4689588
89-450-2064,China,2029-05-04,2023-03-02,11-4682792
38-757-4473,Portugal,2029-02-18,2023-10-03,69-6603143
72-651-7997,China,2029-09-23,2023-01-17,03-0544646
80-863-0612,Philippines,2029-01-24,2023-11-01,05-2327409
98-795-7784,Indonesia,2029-02-01,2023-02-23,52-3391334
67-080-9041,China,2029-03-13,2023-02-22,47-3961650
43-517-2001,Thailand,2029-01-26,2023-06-14,65-4721034
00-348-8582,China,2029-06-11,2023-08-03,89-3472828
01-058-9661,Sweden,2029-12-24,2023-09-26,83-3912793
53-044-4953,Portugal,2029-10-17,2023-09-27,70-9999655
55-803-5304,Poland,2029-07-17,2023-12-28,80-4478106
99-546-6326,Sweden,2029-07-22,2023-08-12,21-9287684
93-163-1328,Greece,2029-05-10,2023-06-19,25-4588942
89-304-4330,Angola,2029-11-29,2023-02-22,55-4157008
44-881-5074,Japan,2029-04-25,2023-11-09,28-1702420
40-430-6317,Iran,2029-05-10,2023-04-22,64-5519077
56-800-2602,Bangladesh,2029-06-26,2023-12-19,46-2944888
95-402-5188,Portugal,2029-11-23,2023-05-22,64-8437514
84-403-7777,China,2029-07-06,2023-01-27,27-8043311
40-580-5331,Kiribati,2029-10-16,2023-09-06,56-8924839
14-315-2664,China,2029-08-15,2023-05-24,46-0865800
31-174-7790,Poland,2029-09-29,2023-04-26,64-2060927
34-350-7993,Indonesia,2029-08-08,2023-07-26,21-7445378
97-292-4138,El Salvador,2029-09-15,2023-06-04,35-6535507
17-819-2674,China,2029-06-21,2023-03-23,22-3797420
68-989-6355,China,2029-03-23,2023-03-07,29-3150135
17-074-5439,Argentina,2029-08-11,2023-10-24,63-4940207
00-496-3343,Brazil,2029-11-29,2023-12-16,48-3288104
95-786-5200,Sweden,2029-07-11,2023-02-25,53-7480027
81-141-3006,Indonesia,2029-12-28,2023-11-05,12-2326373
38-444-3799,United States,2029-01-22,2023-11-12,68-8080133
69-626-6377,Argentina,2029-04-18,2023-03-08,65-1941246
35-286-2630,Madagascar,2029-07-31,2023-03-29,98-4134438
94-291-5500,Argentina,2029-12-08,2023-11-19,74-0844980
27-390-3428,Sweden,2029-08-19,2023-07-19,03-8140671
32-925-4011,Russia,2029-11-04,2023-08-19,35-6140745
42-946-2269,China,2029-03-31,2023-04-01,36-4898344
52-147-6695,Macedonia,2029-12-12,2023-06-12,55-8317389
85-112-8769,China,2029-04-24,2023-02-28,33-4750058
56-271-6852,Russia,2029-02-05,2023-10-06,66-9226110
78-398-7495,Finland,2029-07-08,2023-07-08,04-8859652
58-850-8368,France,2029-06-06,2023-08-02,77-8912386
00-371-6682,Ivory Coast,2029-06-19,2023-02-14,57-9269464
79-085-3946,Poland,2029-07-23,2023-01-01,66-8436321
30-765-8043,Czech Republic,2029-11-18,2023-03-26,20-8619088
42-316-4033,Argentina,2029-09-12,2023-10-05,15-8690762
01-319-2053,Brazil,2029-07-11,2023-07-02,43-6123682
71-575-6903,Saint Kitts and Nevis,2029-07-18,2023-05-02,46-2417741
15-684-6439,Indonesia,2029-10-21,2023-07-30,31-0709019
07-777-2574,Indonesia,2029-01-15,2023-04-03,31-5142691
90-465-2787,Russia,2029-07-03,2023-09-21,91-9942446
94-330-7988,Mexico,2029-10-11,2023-08-31,28-8240973
67-460-6161,Philippines,2029-11-06,2023-08-17,89-6443431
86-353-6567,United States,2029-07-04,2023-07-03,04-0972898
70-445-7704,Germany,2029-05-22,2023-01-25,46-8186671
98-705-9937,China,2029-08-25,2023-07-29,23-0186992
75-045-0561,Russia,2029-02-26,2023-01-18,32-8310974
40-238-9675,Mexico,2029-08-05,2023-01-03,63-8371401
20-338-4300,Japan,2029-06-25,2023-10-13,91-0259327
66-447-0221,Ukraine,2029-12-06,2023-04-18,57-1848560
33-847-8547,Peru,2029-06-18,2023-11-24,99-4897035
28-979-4676,Indonesia,2029-08-04,2023-02-24,49-6949661
53-395-7608,China,2029-10-06,2023-09-25,08-4392602
64-191-5083,China,2029-07-09,2023-07-21,56-5233205
54-042-0277,China,2029-04-01,2023-10-03,95-3815056
47-140-5705,Nigeria,2029-09-09,2023-09-18,60-5498467
38-795-1087,France,2029-01-31,2023-12-26,75-2224109
04-262-1070,Cameroon,2029-10-23,2023-11-29,70-7774423
31-882-8215,Russia,2029-07-03,2023-06-15,46-3871743
29-379-9111,Vietnam,2029-10-28,2023-04-29,44-2140216
75-466-1123,Brazil,2029-08-08,2023-01-03,93-1159834
05-594-5003,Ireland,2029-08-06,2023-12-27,51-2726976
53-550-3697,Costa Rica,2029-01-28,2023-07-11,63-2590475
83-937-9692,Indonesia,2029-04-30,2023-10-24,55-9499458
10-007-7213,Russia,2029-05-26,2023-04-08,75-3289019
02-090-9252,Nigeria,2029-03-23,2023-11-18,19-6873473
30-298-7678,Japan,2029-06-25,2023-09-23,40-0293446
93-634-6167,Indonesia,2029-06-12,2023-04-30,36-0073613
30-710-1368,Malawi,2029-03-06,2023-07-12,53-9521614
17-551-7076,Malta,2029-05-19,2023-08-18,12-2297933
48-852-3374,Philippines,2029-02-14,2023-07-10,34-3315582
16-578-0671,Tanzania,2029-12-03,2023-02-14,59-2976077
60-261-2628,Thailand,2029-12-22,2023-09-17,94-2828396
80-104-8147,Finland,2029-06-19,2023-04-06,02-1102050
10-801-9803,Poland,2029-03-10,2023-02-03,56-1505536
21-856-0182,China,2029-10-09,2023-02-07,87-6672005
87-046-2359,Russia,2029-02-21,2023-08-05,99-9945681
64-319-8144,Czech Republic,2029-10-07,2023-10-17,41-2209044
26-790-5608,China,2029-10-06,2023-09-11,05-3650385
06-817-9947,Nigeria,2029-07-05,2023-11-06,66-9090100
72-915-9746,Ukraine,2029-09-07,2023-12-19,82-3006284
45-427-7564,Peru,2029-09-08,2023-07-05,53-8323129
45-313-9341,Latvia,2029-07-29,2023-02-25,85-9472655
87-836-0612,France,2029-10-15,2023-12-12,49-0225594
42-408-9873,Nicaragua,2029-09-27,2023-05-09,87-6415779
76-179-3841,Mexico,2029-04-17,2023-05-05,51-4175135
22-937-0253,Poland,2029-06-16,2023-07-31,95-6729273
89-035-4387,Czech Republic,2029-03-27,2023-07-11,83-4387916
29-788-5372,China,2029-08-24,2023-12-04,84-2251087
06-938-3015,Colombia,2029-02-12,2023-03-08,74-1559220
40-598-0969,Poland,2029-11-27,2023-02-11,93-8748464
92-013-8672,Ivory Coast,2029-04-09,2023-05-21,12-1482102
00-826-6214,Brazil,2029-07-05,2023-07-22,22-7125544
11-807-6273,Latvia,2029-11-24,2023-07-16,97-3785829
83-631-4599,Azerbaijan,2029-08-14,2023-02-19,83-7412141
80-690-2857,France,2029-09-24,2023-11-27,06-0126426
31-822-7492,United States,2029-03-29,2023-12-22,69-9387959
45-628-7507,Indonesia,2029-12-21,2023-02-26,64-9343271
97-627-3294,Indonesia,2029-02-15,2023-01-05,40-6110293
16-299-8150,France,2029-10-18,2023-07-16,24-4522572
85-952-7453,Indonesia,2029-09-13,2023-10-23,88-9784508
15-694-8264,Latvia,2029-09-03,2023-10-09,20-6121599
55-833-6593,Iran,2029-04-27,2023-01-31,91-0119759
57-958-8468,China,2029-12-08,2023-09-02,47-4183025
10-460-3321,Czech Republic,2029-03-15,2023-08-17,92-8293273
63-474-1970,Philippines,2029-07-14,2023-01-11,42-2356508
06-871-2494,China,2029-08-12,2023-03-30,61-8188939
61-406-2996,Portugal,2029-09-06,2023-01-09,57-3496085
30-136-6708,Brazil,2029-01-17,2023-09-17,67-5577640
63-300-2657,Philippines,2029-01-26,2023-04-04,07-6058090
65-976-7468,Peru,2029-04-21,2023-05-23,35-2110798
49-671-3407,Cuba,2029-04-16,2023-03-13,71-7573723
78-764-7839,France,2029-10-13,2023-09-15,46-6337120
47-152-4600,Vietnam,2029-03-27,2023-07-09,05-9512595
74-841-1587,China,2029-10-13,2023-07-29,58-9894185
63-634-8014,France,2029-09-22,2023-11-25,68-6363381
72-529-2761,Philippines,2029-03-20,2023-01-21,20-7405506
29-298-1428,El Salvador,2029-10-28,2023-04-12,14-7809214
47-670-1429,Uruguay,2029-04-01,2023-02-28,90-0495025
94-149-0854,China,2029-10-22,2023-03-16,03-6875503
03-717-0415,Czech Republic,2029-06-21,2023-11-06,46-0895486
14-226-1487,Greece,2029-07-12,2023-03-23,51-7734648
04-527-5265,China,2029-07-30,2023-08-18,84-3075243
87-084-6095,Indonesia,2029-10-30,2023-08-27,72-4606121
49-096-3959,Armenia,2029-11-14,2023-04-09,14-7872895
04-729-8461,Japan,2029-05-05,2023-03-28,25-3495869
39-869-9257,China,2029-02-08,2023-07-26,59-6358310
11-631-1641,Azerbaijan,2029-12-19,2023-11-23,15-7941967
02-364-4096,Yemen,2029-09-05,2023-04-21,99-9396819
54-767-7618,China,2029-01-23,2023-08-31,30-9379257
48-307-0277,Georgia,2029-01-29,2023-04-12,43-0927724
48-407-3719,Sweden,2029-08-31,2023-08-18,31-3513143
23-707-1652,France,2029-10-26,2023-12-19,96-8075243
05-442-9989,Philippines,2029-07-27,2023-04-28,11-2335245
71-768-0985,China,2029-05-28,2023-08-17,01-0787846
78-626-0895,Japan,2029-06-30,2023-02-04,22-1905728
47-831-8309,Russia,2029-02-02,2023-12-22,28-5967997
60-976-0002,Afghanistan,2029-06-13,2023-09-22,04-9709088
23-342-5581,Indonesia,2029-09-20,2023-07-28,12-5015790
75-512-7993,Sudan,2029-11-24,2023-10-12,14-2087303
01-595-8189,Thailand,2029-03-30,2023-08-28,37-7968011
78-233-5246,Greece,2029-05-09,2023-11-06,46-1682144
36-020-7406,Philippines,2029-07-22,2023-03-22,11-3970123
97-149-2011,Bangladesh,2029-09-30,2023-01-01,04-3940040
61-002-1031,Indonesia,2029-02-28,2023-12-09,30-8796579
67-339-5454,France,2029-02-15,2023-11-13,85-5727946
36-620-6168,Argentina,2029-03-31,2023-10-12,89-2706055
97-933-1873,France,2029-10-03,2023-07-06,88-6239645
50-566-1615,Portugal,2029-03-26,2023-08-05,98-4363866
64-204-7781,Portugal,2029-01-30,2023-03-16,81-3308255
38-494-8988,Philippines,2029-06-21,2023-05-17,88-7209169
69-891-3953,Russia,2029-03-19,2023-06-15,21-1306698
03-626-0430,Sweden,2029-08-08,2023-08-11,44-6579352
94-788-8277,Brazil,2029-05-24,2023-05-18,06-8235058
65-227-5329,Indonesia,2029-04-18,2023-08-24,81-5610709
73-695-2453,Philippines,2029-01-23,2023-04-08,81-2386986
93-807-3810,China,2029-04-16,2023-01-08,08-4582174
13-952-4267,Colombia,2029-05-04,2023-05-06,26-0229798
73-926-1204,Sweden,2029-03-16,2023-06-15,08-4115010
36-806-5755,Burundi,2029-09-09,2023-08-30,63-5455243
96-590-3368,Russia,2029-12-04,2023-09-15,09-7776954
10-796-4227,Indonesia,2029-02-22,2023-10-02,20-4668183
77-578-3791,China,2029-02-19,2023-07-07,68-3525954
40-921-1736,Indonesia,2029-12-19,2023-09-15,54-9483157
21-818-7122,China,2029-08-07,2023-08-27,93-2675830
77-971-4339,Portugal,2029-09-21,2023-06-15,61-0596955
08-469-6183,Greece,2029-04-09,2023-08-26,40-9236764
05-969-4018,China,2029-10-28,2023-05-10,85-0828168
81-981-3410,Russia,2029-12-24,2023-04-03,64-9448194
03-874-4127,China,2029-01-31,2023-07-30,66-4334981
87-037-3670,Thailand,2029-08-21,2023-09-15,06-4370596
27-706-3105,Russia,2029-11-15,2023-10-07,93-2113545
07-701-2232,Uganda,2029-04-05,2023-12-24,79-7612485
01-562-2859,Peru,2029-07-10,2023-10-30,91-8304725
90-243-7994,Morocco,2029-01-27,2023-10-27,66-2512015
81-944-1100,Argentina,2029-05-11,2023-05-14,82-9219500
58-392-0490,Croatia,2029-08-25,2023-01-18,84-3760036
43-426-2327,Bolivia,2029-03-06,2023-05-23,77-3759343
75-398-0092,France,2029-05-17,2023-12-27,63-6743319
01-200-7618,China,2029-01-24,2023-02-06,29-1333016
59-353-3656,China,2029-05-27,2023-02-26,22-1911057
79-050-1702,Uruguay,2029-07-27,2023-12-09,77-9452575
27-805-2641,Cameroon,2029-08-14,2023-08-06,63-1709423
12-291-5657,Philippines,2029-03-06,2023-03-12,41-0162900
10-706-8645,France,2029-07-29,2023-07-02,72-8164997
18-327-1319,France,2029-10-31,2023-05-20,05-9441902
90-645-5082,France,2029-07-01,2023-06-15,10-7050633
50-354-4016,China,2029-11-13,2023-06-23,50-7520952
62-011-4775,Thailand,2029-02-11,2023-10-30,18-4170118
11-123-2050,China,2029-06-09,2023-11-03,37-2076993
13-327-5424,Ukraine,2029-12-12,2023-04-28,69-1664474
81-328-0316,Indonesia,2029-02-22,2023-03-16,82-5774053
75-901-5810,Ukraine,2029-10-29,2023-04-24,04-1032423
50-220-1012,China,2029-11-25,2023-03-22,79-6145904
85-152-0553,Malawi,2029-09-26,2023-08-30,25-0573343
81-873-2244,Poland,2029-11-01,2023-09-25,46-8355705
70-754-8147,China,2029-08-30,2023-04-09,73-7743530
81-591-6707,China,2029-07-26,2023-11-21,84-9742706
18-679-4845,China,2029-03-23,2023-04-25,13-7226912
90-396-6526,Russia,2029-08-14,2023-06-30,67-0647672
49-773-4446,Peru,2029-09-17,2023-10-29,39-2696977
31-506-3432,Canada,2029-07-10,2023-10-01,49-4769403
41-276-1756,Poland,2029-11-26,2023-11-09,42-5851152
27-925-6026,China,2029-07-09,2023-02-18,33-7529107
34-501-1547,Russia,2029-02-08,2023-12-02,86-1668122
43-366-2954,Russia,2029-11-18,2023-09-24,81-2363964
84-923-2400,Yemen,2029-12-18,2023-07-20,44-6708232
76-152-1785,China,2029-08-07,2023-07-16,35-7399777
10-699-1835,Poland,2029-05-02,2023-01-13,22-5973136
27-455-2729,Indonesia,2029-01-10,2023-05-31,79-1240919
43-376-7917,Ukraine,2029-04-15,2023-09-04,22-6751467
14-590-6750,China,2029-06-20,2023-03-19,42-2679778
58-095-5334,China,2029-06-16,2023-07-18,98-3948945
71-398-7694,Myanmar,2029-05-03,2023-02-21,02-0627826
99-029-9094,Bulgaria,2029-01-11,2023-02-01,89-2107547
00-612-8218,Serbia,2029-12-22,2023-11-15,29-8232062
12-092-0468,Japan,2029-06-23,2023-03-16,85-5779114
40-861-7345,China,2029-06-22,2023-10-14,12-0826553
57-156-4567,China,2029-10-22,2023-08-10,43-3010946
30-025-3043,Indonesia,2029-09-08,2023-09-01,70-4480925
60-995-9077,China,2029-08-05,2023-02-03,74-7284225
55-262-4323,Mexico,2029-08-28,2023-11-21,94-5760396
82-704-1722,Albania,2029-08-23,2023-04-25,20-5614780
77-646-9112,Russia,2029-05-25,2023-11-03,90-8643321
77-251-8215,Japan,2029-03-05,2023-05-22,34-8272039
71-470-9623,China,2029-05-28,2023-09-07,06-5221763
62-626-2318,China,2029-05-30,2023-05-08,27-8494960
00-394-4586,Indonesia,2029-12-29,2023-07-26,25-6200527
68-487-4607,Honduras,2029-10-19,2023-08-07,16-0184530
99-978-4989,Czech Republic,2029-02-11,2023-11-05,49-6243533
78-490-0145,China,2029-12-23,2023-09-23,68-9146439
14-829-0635,Croatia,2029-08-14,2023-03-18,66-8320898
04-955-4949,Haiti,2029-02-03,2023-06-29,51-6243184
56-444-6904,Latvia,2029-11-03,2023-10-12,24-2758829
58-900-3313,United States,2029-03-13,2023-03-20,07-5876488
37-503-8125,Argentina,2029-06-07,2023-03-20,75-7433039
14-778-1660,Nigeria,2029-06-28,2023-09-26,33-4340847
78-910-4368,Kazakhstan,2029-01-08,2023-10-25,44-3565974
15-288-9865,Canada,2029-07-26,2023-03-11,79-0793818
60-557-4577,United States,2029-07-13,2023-12-29,82-7077953
56-166-2853,Russia,2029-09-24,2023-02-02,81-4329541
60-032-3509,Argentina,2029-05-13,2023-04-14,48-6533866
59-828-1683,Indonesia,2029-02-04,2023-03-17,01-2755259
88-036-9847,China,2029-02-13,2023-05-24,77-7443400
86-981-3659,China,2029-12-30,2023-10-28,66-9678395
04-063-9302,Philippines,2029-10-22,2023-09-20,48-7411563
53-270-8057,Panama,2029-04-28,2023-05-01,72-7769270
36-362-3762,Portugal,2029-04-15,2023-05-06,65-7995478
61-601-8249,Ivory Coast,2029-02-14,2023-12-27,50-0134608
70-565-4766,Indonesia,2029-08-07,2023-05-30,45-4486385
59-680-9568,Indonesia,2029-08-21,2023-03-03,25-9315311
15-207-0950,Portugal,2029-06-06,2023-02-24,49-7667008
72-812-2736,Brazil,2029-06-18,2023-02-20,44-0926511
57-696-4858,China,2029-03-18,2023-07-07,06-6610248
50-430-9793,Russia,2029-01-13,2023-11-08,46-7827188
61-443-0224,China,2029-09-12,2023-05-06,88-3272204
16-850-9879,China,2029-01-20,2023-01-10,73-0980233
61-830-3765,Brazil,2029-05-27,2023-08-07,83-0699169
19-260-9696,Madagascar,2029-02-12,2023-01-19,34-1438644
57-363-2456,Indonesia,2029-09-08,2023-11-01,43-8364450
94-615-5334,Peru,2029-09-17,2023-05-14,27-7865804
47-049-4560,Finland,2029-04-18,2023-08-25,39-0223572
46-999-8345,Kuwait,2029-01-11,2023-08-02,01-0732864
82-102-6686,Portugal,2029-10-25,2023-06-04,32-8270018
35-907-0094,China,2029-04-07,2023-07-03,16-4715550
08-538-8222,Madagascar,2029-01-21,2023-10-02,96-6731600
14-238-7164,Russia,2029-05-06,2023-11-12,10-1439407
82-652-2287,Sweden,2029-03-12,2023-12-22,52-8090962
73-070-0874,China,2029-07-15,2023-04-06,43-6252724
62-031-1489,Vietnam,2029-04-12,2023-12-16,47-8696904
33-768-0770,China,2029-05-13,2023-03-04,59-7886176
30-468-9169,Belize,2029-08-06,2023-04-23,75-4940037
68-774-0723,China,2029-09-21,2023-04-26,11-9395048
22-343-4690,Palestinian Territory,2029-06-26,2023-03-03,01-5915330
43-420-1067,Brazil,2029-01-05,2023-08-02,92-3776369
06-265-6624,China,2029-08-22,2023-05-12,60-4123760
86-559-3504,Colombia,2029-11-11,2023-04-14,74-4283539
03-474-8804,China,2029-10-31,2023-12-20,62-4069798
56-232-7738,South Korea,2029-03-26,2023-10-14,24-5335482
36-835-1246,Sweden,2029-03-26,2023-07-18,80-1789914
94-169-0220,Japan,2029-05-14,2023-12-18,29-6834017
84-562-7628,Peru,2029-12-10,2023-08-28,75-0412183
18-219-2610,Uganda,2029-10-25,2023-08-14,42-7501422
27-399-8212,Colombia,2029-12-24,2023-05-26,20-1051578
38-772-8707,Portugal,2029-05-12,2023-01-15,78-1500608
38-115-1661,China,2029-10-11,2023-11-21,00-6351482
05-586-7759,China,2029-04-30,2023-04-14,22-9466062
08-315-4652,Thailand,2029-02-13,2023-02-20,47-5649506
58-690-4988,Canada,2029-10-06,2023-04-18,37-9776808
30-414-4083,Indonesia,2029-01-12,2023-06-17,35-6120229
77-461-1749,United States,2029-11-09,2023-05-09,00-8336338
55-435-7819,Canada,2029-07-09,2023-08-24,63-8782059
99-455-7279,Sweden,2029-09-19,2023-08-18,09-8537960
39-939-1061,China,2029-11-10,2023-05-24,93-9392027
35-042-2510,Portugal,2029-12-15,2023-12-20,38-6427795
56-110-5167,China,2029-03-03,2023-09-16,48-2951446
50-626-0561,Portugal,2029-01-28,2023-04-01,37-8014382
60-420-8340,China,2029-03-12,2023-09-05,16-5287196
72-151-0891,China,2029-07-29,2023-01-20,30-1631310
81-175-0162,Venezuela,2029-02-01,2023-12-18,65-7449617
02-443-5095,Poland,2029-03-22,2023-04-28,18-0400226
07-573-8822,Portugal,2029-05-03,2023-01-15,93-1345101
86-664-4675,Canada,2029-06-27,2023-07-11,71-5662879
66-542-1776,Philippines,2029-09-15,2023-10-09,29-4747592
35-138-7459,Russia,2029-06-04,2023-01-12,05-8716907
09-189-7112,Philippines,2029-03-21,2023-05-18,86-7560476
13-691-6826,China,2029-12-03,2023-10-28,20-9057186
15-874-7599,China,2029-10-07,2023-02-22,42-8907791
53-240-3683,Bulgaria,2029-07-21,2023-07-07,26-8924252
96-790-8029,Jamaica,2029-10-11,2023-05-09,79-5304139
79-371-0249,Mexico,2029-08-04,2023-03-31,29-3183499
18-505-3111,Paraguay,2029-01-19,2023-03-24,42-4151214
90-547-6300,Ukraine,2029-04-09,2023-04-19,88-2473727
33-380-6426,China,2029-07-05,2023-09-26,60-9026709
91-355-0009,China,2029-06-26,2023-07-23,35-1168742
93-900-4902,Poland,2029-05-02,2023-01-10,07-7729550
40-395-9035,China,2029-07-17,2023-01-28,53-6324978
67-633-8825,Brazil,2029-05-05,2023-03-19,35-4927927
05-958-2653,China,2029-09-12,2023-09-08,50-0733366
23-527-4477,Brazil,2029-06-03,2023-04-28,75-0236705
84-965-2618,Afghanistan,2029-10-04,2023-01-22,78-0986287
98-246-3318,Philippines,2029-10-31,2023-08-10,94-3237465
87-137-9069,United States,2029-10-03,2023-11-10,04-8629473
25-192-3052,China,2029-07-13,2023-10-03,24-2170919
24-726-8731,China,2029-12-24,2023-02-19,35-6412616
13-940-2571,Peru,2029-11-04,2023-01-03,15-7402049
16-935-2400,Namibia,2029-01-31,2023-09-27,53-2080122
31-272-5515,Nigeria,2029-05-24,2023-01-20,63-6192495
46-305-9649,Uganda,2029-03-14,2023-10-06,45-8155262
33-093-3115,Russia,2029-03-19,2023-10-06,51-2536776
52-321-3235,China,2029-06-27,2023-03-04,34-7521206
94-157-3598,Russia,2029-10-23,2023-09-23,11-3106643
98-322-6526,Serbia,2029-05-06,2023-06-16,82-0850044
12-848-9046,Azerbaijan,2029-03-16,2023-06-09,20-0832515
84-016-0825,Ukraine,2029-01-14,2023-01-29,02-8777448
51-599-9593,China,2029-09-21,2023-12-28,20-7729837
14-401-8982,Uzbekistan,2029-11-30,2023-03-22,59-9362860
32-175-6763,United States,2029-12-16,2023-11-15,07-9713869
50-664-0672,Russia,2029-10-17,2023-11-14,11-7570926
83-427-0295,China,2029-04-28,2023-05-07,14-2650715
01-262-6416,Portugal,2029-03-09,2023-08-19,21-3052427
31-060-4099,Russia,2029-02-22,2023-08-10,41-2606665
85-043-6643,Bosnia and Herzegovina,2029-11-13,2023-02-04,04-0634481
35-375-5781,Poland,2029-05-08,2023-07-19,35-1974396
27-214-3797,Philippines,2029-06-25,2023-10-05,33-3858816
33-312-3029,Madagascar,2029-10-11,2023-08-02,27-2749097
85-962-9734,Brazil,2029-05-21,2023-03-14,71-8337341
08-020-5425,Honduras,2029-01-28,2023-05-15,99-7679883
26-367-3494,Indonesia,2029-09-26,2023-12-12,84-9112383
50-240-4261,United States,2029-03-04,2023-11-05,75-8290105
23-229-4556,Russia,2029-05-10,2023-06-23,56-9955509
12-409-0245,Indonesia,2029-05-14,2023-03-27,91-0987912
38-414-7268,Indonesia,2029-09-04,2023-12-26,51-4418235
90-375-9156,Cameroon,2029-05-27,2023-05-29,16-0861951
41-055-3133,China,2029-05-21,2023-10-28,85-4232823
34-876-2393,Mexico,2029-03-09,2023-02-09,45-9610411
96-374-9610,Brazil,2029-05-28,2023-08-07,96-5895066
45-242-2140,United States,2029-05-25,2023-12-29,17-2881921
09-809-9403,Zimbabwe,2029-05-01,2023-06-20,05-5307594
66-628-3569,Poland,2029-01-17,2023-01-31,42-6709243
98-766-5959,Czech Republic,2029-09-18,2023-01-02,18-5515046
65-306-8258,Indonesia,2029-07-07,2023-11-30,03-0398732
79-220-5231,Sweden,2029-03-23,2023-01-24,63-7869416
47-804-5805,Indonesia,2029-08-22,2023-11-03,58-2361757
84-507-8249,Norway,2029-01-22,2023-08-28,88-2776220
54-426-1187,Poland,2029-06-05,2023-08-19,35-8959362
79-220-2528,China,2029-01-24,2023-02-21,92-8536524
35-373-6327,Mexico,2029-02-17,2023-02-23,92-8283493
41-213-4163,Ukraine,2029-09-28,2023-09-07,94-7025309
67-833-5135,Chile,2029-08-27,2023-08-12,87-1524310
71-762-2865,Poland,2029-03-30,2023-02-08,07-0513764
49-943-6390,China,2029-03-04,2023-08-16,70-9557679
48-353-7463,China,2029-03-13,2023-05-09,56-2538209
58-287-6657,Poland,2029-09-13,2023-09-21,59-1225380
94-833-9824,Vietnam,2029-01-28,2023-11-17,77-8969935
15-819-5758,Indonesia,2029-12-18,2023-04-20,28-1074495
28-568-7160,Peru,2029-04-24,2023-05-13,98-8312687
90-494-9128,Russia,2029-06-11,2023-10-18,83-0576737
15-220-9097,Australia,2029-08-13,2023-02-14,64-2887913
24-127-9739,United States,2029-10-12,2023-06-26,22-2019746
84-462-1085,Indonesia,2029-12-07,2023-07-23,41-5640927
34-932-6692,Pakistan,2029-01-08,2023-10-28,14-0383891
81-889-3594,China,2029-09-09,2023-07-20,12-3608157
68-295-7305,Russia,2029-03-12,2023-08-24,70-9194479
58-810-5861,China,2029-11-23,2023-09-12,09-7754145
70-125-7709,Nigeria,2029-01-06,2023-08-14,36-4649035
30-865-3367,Chile,2029-10-04,2023-10-17,26-6853242
27-261-2883,Argentina,2029-10-25,2023-07-12,25-9160303
50-258-6915,Vietnam,2029-11-28,2023-09-30,48-9002032
78-423-6185,Poland,2029-04-30,2023-08-18,37-6641205
55-581-9318,Argentina,2029-05-03,2023-09-29,00-9031903
55-725-7264,Portugal,2029-04-07,2023-12-14,86-0407854
16-949-2579,Dominican Republic,2029-11-25,2023-07-03,33-9240782
73-017-8163,Peru,2029-03-29,2023-12-02,56-7679252
80-439-0540,Croatia,2029-01-18,2023-04-14,61-2010295
06-134-5490,Portugal,2029-07-21,2023-09-02,47-3769937
92-622-8481,Austria,2029-06-24,2023-02-12,92-0603852
84-451-3030,Russia,2029-07-21,2023-05-22,30-1255023
01-152-1465,Sweden,2029-08-13,2023-01-15,52-6659225
97-029-3894,Indonesia,2029-03-09,2023-10-02,40-7932965
22-433-2160,Brazil,2029-04-19,2023-05-28,83-3170750
66-532-0599,Russia,2029-07-24,2023-06-19,18-8696663
62-208-6701,Serbia,2029-08-28,2023-03-05,44-3004767
38-455-4723,Yemen,2029-04-19,2023-02-10,90-8490105
73-297-1743,Yemen,2029-03-09,2023-03-24,96-5421544
35-721-2696,Vietnam,2029-12-05,2023-02-18,71-2050315
26-332-6301,Mongolia,2029-11-02,2023-09-19,78-1537402
66-651-1292,Albania,2029-03-14,2023-05-21,56-4528817
97-249-3974,Philippines,2029-12-25,2023-08-01,09-2536575
77-493-0124,Indonesia,2029-03-10,2023-04-27,73-1880441
08-828-1460,Brazil,2029-10-17,2023-03-10,47-8078270
44-699-6153,Argentina,2029-06-10,2023-03-03,02-4211353
34-429-1631,Kosovo,2029-05-04,2023-09-29,00-6411169
37-370-7144,Indonesia,2029-06-19,2023-12-15,85-4645537
90-105-6924,France,2029-11-08,2023-07-29,44-5814496
43-525-4941,Poland,2029-05-09,2023-07-21,26-0532033
46-241-5901,Brazil,2029-04-21,2023-02-11,93-7300298
38-260-1353,China,2029-11-13,2023-04-24,94-3571513
71-708-6998,China,2029-03-04,2023-01-13,51-5022096
85-539-3630,Sweden,2029-02-18,2023-10-14,95-1809749
32-930-6676,Sweden,2029-08-05,2023-07-10,34-9070128
34-218-7661,Indonesia,2029-04-09,2023-06-28,55-9524582
61-103-0777,China,2029-10-04,2023-05-06,75-2966286
21-943-7770,Indonesia,2029-12-18,2023-05-04,15-2171064
87-044-9793,Brazil,2029-12-09,2023-11-01,74-5217902
92-049-7040,Colombia,2029-12-30,2023-11-09,63-6646268
45-915-7274,Philippines,2029-07-05,2023-05-21,44-1827440
86-920-8368,China,2029-09-07,2023-09-03,98-1863223
34-859-9020,China,2029-07-14,2023-03-03,51-4930709
54-723-6931,Indonesia,2029-08-12,2023-09-22,18-6285267
05-120-8238,Russia,2029-02-10,2023-09-11,29-3326072
26-712-8165,France,2029-04-21,2023-01-05,61-5291880
97-959-3763,Czech Republic,2029-12-23,2023-09-05,15-0664174
34-755-6302,Indonesia,2029-03-07,2023-04-13,07-1733261
65-836-7902,United States,2029-12-02,2023-09-26,87-6060522
87-447-8133,Sweden,2029-06-29,2023-05-02,51-6678826
95-903-5560,Philippines,2029-12-17,2023-05-25,84-6711163
52-892-9289,China,2029-03-17,2023-12-04,86-6948011
07-003-9215,China,2029-01-18,2023-05-19,91-6337930
72-586-7992,Guatemala,2029-04-23,2023-12-27,22-8148075
28-662-5114,Brazil,2029-03-20,2023-07-01,22-7243601
03-980-4404,Botswana,2029-06-28,2023-11-10,73-9363659
00-011-6702,Iraq,2029-05-07,2023-01-28,53-0029153
08-867-3446,Russia,2029-08-19,2023-11-06,73-6865349
81-525-6163,Turkey,2029-11-28,2023-01-27,59-3586198
58-685-3218,Philippines,2029-04-10,2023-09-05,78-6105189
90-000-0968,China,2029-01-06,2023-11-07,18-4929614
72-400-4090,Poland,2029-06-19,2023-09-06,13-7594742
73-512-1893,China,2029-05-09,2023-01-20,14-7588969
18-107-5252,Colombia,2029-03-26,2023-02-21,50-8819578
42-909-4372,Indonesia,2029-06-25,2023-08-06,26-9044831
68-973-2129,France,2029-12-04,2023-01-13,40-9836213
86-443-5480,Kyrgyzstan,2029-04-07,2023-12-28,51-4599344
23-099-6398,Venezuela,2029-01-23,2023-01-19,68-1938313
98-915-1341,Portugal,2029-11-18,2023-05-04,90-2891822
25-007-0719,Portugal,2029-11-10,2023-08-18,79-9160465
48-517-7170,Kenya,2029-05-17,2023-03-08,91-7244710
32-352-6400,Russia,2029-03-17,2023-10-02,79-7557603
31-271-5088,Ethiopia,2029-03-19,2023-05-03,61-0771383
95-949-2604,Indonesia,2029-02-12,2023-12-06,24-4520321
20-856-0262,Indonesia,2029-06-07,2023-04-05,59-5534899
85-647-7465,Ireland,2029-06-10,2023-09-09,06-6205903
56-326-4842,Philippines,2029-02-28,2023-05-23,55-9940941
49-083-4686,France,2029-03-24,2023-03-08,93-9150950
52-253-7453,Poland,2029-10-21,2023-09-25,56-2021898
72-138-5535,Iran,2029-02-21,2023-07-03,06-6995394
37-361-0643,Tunisia,2029-04-08,2023-09-02,66-6588279
62-063-8030,Czech Republic,2029-08-28,2023-12-25,25-3855712
09-292-3018,China,2029-10-06,2023-05-08,80-9882277
21-937-9048,China,2029-11-20,2023-03-17,77-3597085
43-322-0255,China,2029-01-02,2023-10-24,06-6665158
96-564-4873,Ukraine,2029-07-01,2023-01-22,46-2107318
24-172-2234,Russia,2029-09-20,2023-12-08,93-8810080
46-891-5478,Nigeria,2029-09-16,2023-01-05,94-1071911
18-766-2024,Indonesia,2029-02-27,2023-06-20,74-9917462
30-477-1630,Indonesia,2029-02-24,2023-02-21,57-4976198
80-840-0140,Indonesia,2029-02-11,2023-06-04,89-5973182
99-885-1993,Malaysia,2029-03-08,2023-01-26,64-8982563
25-702-0584,Palestinian Territory,2029-05-21,2023-06-03,64-5689914
59-367-8396,Morocco,2029-03-17,2023-07-19,44-4398159
83-215-9802,Portugal,2029-04-09,2023-06-05,58-6619895
24-200-2754,China,2029-08-31,2023-04-20,75-4972936
45-379-9294,Georgia,2029-09-12,2023-09-27,73-8381000
20-298-9393,Cameroon,2029-01-23,2023-10-11,38-8874179
81-032-8799,Indonesia,2029-12-27,2023-09-22,43-8639115
79-161-5098,Serbia,2029-07-07,2023-10-24,09-3402628
45-441-9395,Indonesia,2029-12-20,2023-02-16,18-3268313
25-776-5705,Sweden,2029-02-27,2023-12-11,32-9683162
26-233-4805,China,2029-03-15,2023-11-14,85-4596922
76-625-7502,China,2029-11-27,2023-10-17,44-6232505
05-815-0853,Somalia,2029-09-11,2023-02-27,08-7627735
34-663-2004,Syria,2029-08-14,2023-05-17,92-1817645
82-366-5515,Greece,2029-04-25,2023-03-04,54-9530192
22-014-0717,Russia,2029-03-24,2023-08-18,47-2797454
22-383-3659,Philippines,2029-09-28,2023-08-31,65-4167294
34-184-4213,Sweden,2029-11-20,2023-06-19,13-2634883
45-665-9629,Philippines,2029-10-26,2023-02-27,17-6491124
22-040-6622,China,2029-01-13,2023-03-30,40-5127082
20-655-4899,Chile,2029-02-22,2023-01-28,36-6190705
98-528-4790,Brazil,2029-02-02,2023-03-26,81-1310673
80-884-0163,Russia,2029-01-01,2023-07-11,36-7106668
68-932-4378,Philippines,2029-11-25,2023-01-29,08-8845872
09-754-3745,Sweden,2029-09-04,2023-01-21,75-3347165
07-238-6813,Indonesia,2029-03-19,2023-02-19,18-1325014
11-616-6164,Philippines,2029-08-04,2023-05-05,86-0684754
31-552-0513,Russia,2029-12-20,2023-04-10,02-4536644
75-908-6123,United States,2029-11-13,2023-07-11,73-4431443
47-243-6549,China,2029-07-26,2023-04-08,29-1800241
70-182-5325,Belize,2029-08-02,2023-06-27,52-8334481
66-497-9238,Philippines,2029-04-23,2023-06-16,02-5427722
35-331-3056,China,2029-08-02,2023-01-19,04-4370956
25-102-6308,Ukraine,2029-12-04,2023-08-10,66-0573040
52-390-3029,Portugal,2029-11-26,2023-03-06,76-3788573
25-988-5891,Afghanistan,2029-03-13,2023-07-03,51-4223499
02-879-3970,Peru,2029-10-19,2023-08-13,00-8190274
31-226-1862,Philippines,2029-07-20,2023-11-18,60-5607203
94-822-0955,Denmark,2029-05-07,2023-11-07,61-6811324
25-046-3831,China,2029-01-10,2023-07-25,53-1405847
41-165-2999,Greece,2029-11-07,2023-08-19,91-2420894
58-013-4864,Indonesia,2029-11-11,2023-09-06,54-6526032
01-356-0173,Portugal,2029-07-02,2023-03-07,03-6578146
33-106-9520,Indonesia,2029-03-31,2023-08-18,99-9177149
03-752-8187,Poland,2029-08-19,2023-07-22,05-2380408
33-143-1795,Ukraine,2029-01-11,2023-02-25,20-2148472
89-167-1639,Bulgaria,2029-02-25,2023-01-02,55-7002578
82-565-1128,China,2029-10-24,2023-07-13,82-6656666
08-911-0267,United States,2029-01-24,2023-08-19,83-8377849
52-459-0771,Thailand,2029-01-26,2023-03-08,90-0901184
31-363-3437,China,2029-02-18,2023-04-16,30-7319342
79-289-9502,Estonia,2029-11-21,2023-10-09,18-4657693
18-516-7291,China,2029-03-14,2023-07-11,81-6651964
39-298-4999,China,2029-12-07,2023-10-16,26-4243462
22-907-3307,China,2029-03-26,2023-04-17,56-9676538
73-942-5012,Peru,2029-08-28,2023-12-08,34-9642334
79-303-7073,Japan,2029-06-09,2023-01-10,64-6063685
93-059-5615,Ukraine,2029-02-24,2023-12-24,19-2161613
93-245-4528,Finland,2029-03-21,2023-12-23,57-5286403
38-524-1232,Belarus,2029-05-23,2023-02-04,37-7643756
93-831-7153,United States,2029-12-23,2023-05-04,86-6352758
62-057-8427,Indonesia,2029-08-22,2023-08-01,00-3155074
68-480-8920,China,2029-02-18,2023-03-18,36-9595914
70-533-1171,United States,2029-10-22,2023-11-23,78-6272917
63-120-5381,Philippines,2029-08-06,2023-04-08,46-9029156
61-586-1269,China,2029-06-02,2023-09-03,28-2231616
11-803-3063,China,2029-01-25,2023-02-14,98-1233335
15-219-4408,China,2029-03-27,2023-07-07,50-8454566
36-230-5066,Ukraine,2029-01-18,2023-01-30,86-0721951
20-781-5962,Israel,2029-02-18,2023-08-29,94-2435261
18-891-0400,China,2029-10-15,2023-10-01,71-8124643
99-653-9670,China,2029-11-12,2023-01-13,85-2262369
72-001-2528,Argentina,2029-12-05,2023-06-05,26-3282230
88-836-5213,Indonesia,2029-04-28,2023-08-04,16-8271480
13-964-9349,Madagascar,2029-05-29,2023-07-04,75-3994362
13-355-0655,Nigeria,2029-01-07,2023-11-17,95-9902083
35-758-0627,Chad,2029-10-21,2023-04-15,02-1772397
89-607-1980,Russia,2029-12-21,2023-01-10,55-8737029
53-883-6401,Japan,2029-06-21,2023-07-24,84-6850257
90-108-7095,China,2029-03-23,2023-04-20,27-1922491
77-557-0700,United States,2029-07-31,2023-10-09,61-2396455
03-926-9931,Japan,2029-01-18,2023-09-09,66-3899072
48-267-5921,Sri Lanka,2029-06-13,2023-08-24,34-3225010
69-593-1707,Portugal,2029-02-16,2023-06-17,11-1054988
76-827-2468,France,2029-06-27,2023-05-24,14-5454161
63-535-6254,Indonesia,2029-07-05,2023-01-08,16-8939914
77-816-5581,Indonesia,2029-05-28,2023-03-11,26-7751796
97-032-8355,China,2029-09-06,2023-03-14,48-9065948
07-236-2580,China,2029-09-24,2023-05-24,70-4521392
11-028-8581,Peru,2029-10-21,2023-05-17,40-0665905
58-451-9402,China,2029-05-02,2023-01-24,89-6024164
33-868-2496,Guatemala,2029-08-12,2023-05-19,71-9402749
31-511-8665,New Zealand,2029-07-28,2023-11-16,47-6419363
80-105-8946,Greece,2029-12-15,2023-10-03,45-1374319
55-568-3953,Indonesia,2029-06-29,2023-09-07,35-1820695
99-046-3568,Philippines,2029-10-22,2023-08-01,00-4725175
74-473-2663,Japan,2029-07-17,2023-11-24,53-5203485
16-693-5293,Philippines,2029-10-22,2023-01-22,96-7021450
32-547-8175,Czech Republic,2029-04-20,2023-05-09,83-7509300
69-285-0336,Nigeria,2029-04-08,2023-04-10,41-7452481
81-208-4764,Brazil,2029-12-20,2023-04-10,71-9745340
75-548-4148,Russia,2029-06-21,2023-03-10,76-0850753
47-507-8285,Argentina,2029-10-07,2023-02-19,35-2727586
25-854-0145,United States,2029-02-18,2023-05-07,18-3086260
15-940-3669,Finland,2029-08-05,2023-04-24,59-7115270
29-152-8442,Ireland,2029-09-15,2023-04-28,22-4296010
22-798-0558,Morocco,2029-07-13,2023-02-24,91-8523523
69-054-9301,Japan,2029-07-06,2023-03-29,40-0191516
33-631-6173,Gabon,2029-12-24,2023-12-17,84-8506000
81-300-8320,Macedonia,2029-08-15,2023-07-01,80-4140155
14-675-1812,France,2029-12-19,2023-07-01,97-2708364
60-249-1066,Indonesia,2029-05-11,2023-03-14,60-1816685
61-038-0195,China,2029-06-10,2023-04-20,23-5289352
20-757-1962,Thailand,2029-03-26,2023-02-05,86-9814876
07-082-5517,Honduras,2029-10-17,2023-02-11,05-6363950
04-835-0859,Ukraine,2029-11-19,2023-05-29,84-7237627
57-691-3226,Russia,2029-10-01,2023-05-29,12-3665304
87-908-8951,Indonesia,2029-03-23,2023-01-08,77-5264398
38-845-3388,Nigeria,2029-04-22,2023-12-23,46-3257424
38-607-6441,Indonesia,2029-06-08,2023-05-12,18-9999335
59-193-5398,Brazil,2029-02-24,2023-10-14,19-3294914
25-297-4776,Poland,2029-06-09,2023-03-25,07-3118320
51-275-2960,France,2029-07-23,2023-04-22,79-8655525
76-274-9056,Indonesia,2029-03-08,2023-06-28,78-8847079
23-636-8968,Dominican Republic,2029-09-06,2023-06-26,88-1938501
10-602-0677,Vietnam,2029-04-29,2023-11-20,13-3663364
60-395-1863,Belarus,2029-01-13,2023-07-05,14-9087170
33-637-6815,Indonesia,2029-07-02,2023-10-18,52-3140493
65-817-0068,Pakistan,2029-04-19,2023-11-09,83-3830753
40-994-1296,Indonesia,2029-10-03,2023-08-27,14-9209773
76-775-0386,Portugal,2029-09-10,2023-06-25,42-7821605
13-568-8504,Brazil,2029-01-17,2023-06-19,73-7408290
54-644-8994,Poland,2029-05-05,2023-01-20,39-4279891
25-013-5505,China,2029-01-15,2023-11-27,62-2462401
83-165-4852,Indonesia,2029-01-28,2023-03-01,98-7222858
79-808-8642,Macedonia,2029-07-28,2023-08-18,51-3169256
35-220-3801,Colombia,2029-09-27,2023-01-12,61-8596109
30-669-4986,Indonesia,2029-06-19,2023-11-05,42-0501653
52-246-5694,Ghana,2029-08-27,2023-10-22,77-2912512
89-310-6592,Russia,2029-02-15,2023-11-14,32-0618862
27-802-5823,China,2029-07-27,2023-08-29,42-6110788
23-510-6772,Brazil,2029-08-31,2023-01-28,01-1171598
21-000-4808,Philippines,2029-04-06,2023-02-10,54-5767084
42-617-6867,Peru,2029-07-23,2023-07-28,04-2494430
83-072-8609,Germany,2029-02-26,2023-09-07,49-5598020
17-238-4558,France,2029-03-14,2023-10-24,55-8733614
25-360-2125,Portugal,2029-07-05,2023-08-30,06-2487284
77-386-9045,South Africa,2029-01-01,2023-05-07,11-2379479
57-465-9940,Oman,2029-12-08,2023-10-01,29-1054950
76-269-8286,Anguilla,2029-12-23,2023-08-05,55-8237930
57-897-9420,Indonesia,2029-05-16,2023-05-27,75-7148848
54-142-7267,China,2029-09-06,2023-07-04,39-9382457
06-647-6355,Cuba,2029-09-10,2023-12-15,64-9356566
55-295-4701,Portugal,2029-09-03,2023-05-07,32-5377594
49-577-8642,Tanzania,2029-01-31,2023-12-30,44-6363647
77-606-6292,Indonesia,2029-02-05,2023-12-04,94-1603174
73-165-6285,China,2029-08-01,2023-02-24,73-6867957
05-198-8451,Philippines,2029-04-08,2023-06-22,04-3526744
52-260-0325,Angola,2029-07-27,2023-09-21,69-2932992
84-173-6790,Indonesia,2029-09-13,2023-02-10,78-0191875
63-676-1441,Indonesia,2029-11-19,2023-03-24,57-6353470
68-031-7027,Venezuela,2029-08-02,2023-10-11,59-3080929
05-651-4565,Russia,2029-08-21,2023-07-10,10-6062589
85-586-2016,Jordan,2029-02-15,2023-07-27,61-3846087
20-298-3890,Indonesia,2029-08-17,2023-12-08,20-5249421
41-342-7660,China,2029-07-16,2023-02-10,64-1193195
69-912-5824,Indonesia,2029-08-14,2023-06-12,01-4776650
18-702-2108,Japan,2029-11-01,2023-03-16,44-4501993
03-201-5993,Indonesia,2029-07-17,2023-10-11,20-1765836
93-372-7918,Tunisia,2029-08-01,2023-01-21,75-4902635
11-264-4502,Portugal,2029-04-24,2023-02-28,95-8458836
78-008-3523,Russia,2029-11-25,2023-09-13,20-6431292
46-241-5544,Russia,2029-12-29,2023-03-03,40-0367873
44-643-4828,China,2029-03-14,2023-10-19,90-1883239
31-811-8840,Colombia,2029-07-14,2023-10-06,05-6225180
58-880-7593,Brazil,2029-06-28,2023-08-07,84-6410721
71-417-0912,China,2029-08-29,2023-05-18,76-5952074
67-357-7411,China,2029-10-12,2023-07-01,98-5811239
53-133-3775,Mexico,2029-09-05,2023-04-24,48-6003075
21-974-6148,Georgia,2029-09-29,2023-02-23,27-1541565
91-931-3369,China,2029-07-18,2023-04-30,22-9111363
03-570-1847,Indonesia,2029-05-08,2023-04-18,24-9452943
07-544-0932,China,2029-10-19,2023-06-29,06-1943432
56-851-2361,Russia,2029-04-28,2023-07-05,47-8956608
30-447-9928,Argentina,2029-02-19,2023-10-30,67-3734372
46-646-3756,Poland,2029-06-08,2023-03-22,59-1809691
23-922-3640,France,2029-02-03,2023-10-19,73-5507655
35-440-4854,Poland,2029-10-22,2023-03-24,33-3151343
96-185-9566,Philippines,2029-01-27,2023-01-19,93-1290732
42-203-3935,Albania,2029-04-15,2023-12-07,18-0055161
83-614-4417,Philippines,2029-04-05,2023-05-25,00-1810227
51-398-7373,Peru,2029-03-28,2023-02-11,02-7811677
53-664-8934,Sweden,2029-09-18,2023-11-19,11-2962626
47-328-7233,China,2029-05-17,2023-04-22,97-7764944
66-549-6196,China,2029-08-08,2023-08-16,74-6108383
91-621-7700,Philippines,2029-02-06,2023-11-01,87-5738515
48-519-8625,Russia,2029-10-22,2023-11-24,10-2187323
55-570-7396,United States,2029-11-06,2023-03-20,99-9335857
91-510-9257,Ecuador,2029-10-28,2023-10-01,39-3809948
34-056-1201,China,2029-10-13,2023-06-21,54-0829799
77-007-0989,Brazil,2029-02-12,2023-12-20,97-5847701
64-731-1326,Colombia,2029-12-23,2023-03-27,58-3738762
75-999-8554,Greece,2029-11-18,2023-12-25,82-8736596
09-319-7346,China,2029-04-05,2023-09-18,11-5388585
38-787-8697,Russia,2029-01-16,2023-05-21,95-5279934
00-845-9855,Indonesia,2029-12-27,2023-01-20,85-2911994
75-017-3954,Indonesia,2029-08-15,2023-01-10,91-6908177
68-370-4905,Uzbekistan,2029-05-04,2023-04-08,23-7602977
30-493-9913,Jamaica,2029-04-01,2023-09-22,74-4881973
93-189-7352,China,2029-02-27,2023-11-27,94-5051068
45-840-6970,China,2029-05-26,2023-11-12,16-2294538
58-351-7904,Philippines,2029-12-22,2023-09-18,11-3918069
89-958-4714,Thailand,2029-10-18,2023-11-23,19-4834101
51-110-0277,China,2029-02-25,2023-10-05,81-4495697
73-081-2190,Indonesia,2029-12-13,2023-03-09,80-8389234
97-306-8032,Indonesia,2029-02-08,2023-01-16,60-3036081
95-411-9719,Poland,2029-08-08,2023-05-11,62-8606689
91-498-8410,Czech Republic,2029-03-06,2023-07-15,20-2585433
39-949-8812,Peru,2029-08-29,2023-12-24,15-9152397
94-210-8261,Pakistan,2029-05-16,2023-06-17,12-3850982
03-878-0401,Poland,2029-03-08,2023-08-12,11-6656693
79-897-1453,Ukraine,2029-06-25,2023-12-08,49-9132823
38-606-8921,Poland,2029-12-06,2023-08-07,62-7493874
79-216-0702,France,2029-12-07,2023-09-12,41-9909634
50-210-2803,Ireland,2029-05-22,2023-06-18,34-5483926
69-802-6440,Germany,2029-08-05,2023-12-11,98-0426881
69-655-9003,Croatia,2029-06-14,2023-06-26,60-7461515
90-891-0896,China,2029-01-08,2023-12-06,07-7033861
96-731-2160,Indonesia,2029-10-09,2023-10-06,05-3050908
47-863-7414,China,2029-09-02,2023-03-30,14-7239792
21-855-5993,Poland,2029-11-18,2023-11-04,93-6041252
51-094-3495,Republic of the Congo,2029-03-25,2023-12-04,10-4388640
22-532-3049,China,2029-12-27,2023-08-05,67-7035344
19-929-1084,Canada,2029-10-19,2023-04-23,88-3878847
84-896-6598,Ireland,2029-08-09,2023-11-08,99-9509695
64-753-9732,Finland,2029-09-13,2023-08-27,35-0714272
81-316-3395,Sudan,2029-07-10,2023-05-31,78-0057558
08-593-6152,Greece,2029-11-11,2023-12-18,84-6792246
97-260-0168,China,2029-09-14,2023-09-11,98-1373251
75-915-1468,Thailand,2029-05-27,2023-10-02,14-2906798
90-142-5442,Philippines,2029-09-20,2023-09-03,91-4735033
33-569-5750,Sweden,2029-05-30,2023-06-07,15-6163639
28-643-6526,Colombia,2029-09-02,2023-12-10,60-2338870
41-102-4818,France,2029-03-24,2023-06-13,86-3734801
60-466-8457,Philippines,2029-10-11,2023-07-22,30-6022716
54-591-1069,China,2029-10-18,2023-01-10,48-3327001
03-395-8177,Russia,2029-09-08,2023-04-11,78-5338461
29-178-6799,Indonesia,2029-09-27,2023-12-08,02-2825464
08-753-9584,Nigeria,2029-06-26,2023-07-03,23-3148076
73-688-9774,Indonesia,2029-06-30,2023-05-21,79-9211766
60-987-4900,Mexico,2029-02-13,2023-04-19,90-1538103
10-656-4476,Rwanda,2029-05-10,2023-03-01,51-4566464
47-560-4298,Thailand,2029-03-30,2023-11-27,27-4757913
57-566-0502,Cameroon,2029-03-09,2023-05-20,08-8385121
56-424-4999,China,2029-11-07,2023-01-26,92-8843442
62-355-2324,Ukraine,2029-10-03,2023-12-11,48-5792006
96-385-9926,Niger,2029-05-03,2023-05-08,12-9443781
07-325-1449,Indonesia,2029-07-05,2023-10-14,00-5818652
86-381-1153,Argentina,2029-08-29,2023-08-21,92-4812149
66-063-8420,South Africa,2029-06-02,2023-07-26,42-5066770
35-562-2800,Vietnam,2029-12-22,2023-04-14,52-5672770
17-500-5616,China,2029-01-08,2023-01-25,61-0615152
68-206-8995,China,2029-11-03,2023-06-16,38-5863988
46-077-6712,Indonesia,2029-10-25,2023-12-16,20-7332856
61-249-7777,Indonesia,2029-10-30,2023-08-17,05-8400081
32-619-2803,United States,2029-11-01,2023-10-15,76-9666785
86-220-3981,Indonesia,2029-07-17,2023-12-24,11-7595625
88-149-4766,Poland,2029-02-09,2023-08-24,00-1373955
28-405-5501,Indonesia,2029-05-24,2023-06-26,48-5667739
98-134-9582,Sweden,2029-10-21,2023-01-01,23-7990275
58-400-1836,Philippines,2029-07-01,2023-01-25,38-7473466
30-914-6318,Brazil,2029-10-10,2023-10-19,46-0207907
19-993-3939,Malaysia,2029-03-04,2023-01-22,63-9538101
99-388-3892,China,2029-08-31,2023-04-16,73-3620050
68-273-8675,Russia,2029-04-17,2023-12-26,40-6284491
80-667-5468,Russia,2029-03-20,2023-12-12,47-8635158
81-348-3166,Indonesia,2029-01-17,2023-01-09,95-2048151
41-253-5801,Serbia,2029-01-26,2023-07-11,15-5193240
88-367-1762,Colombia,2029-06-07,2023-09-21,26-1647935
18-651-8169,Vietnam,2029-06-19,2023-01-14,01-0237326
66-313-4845,China,2029-01-10,2023-12-15,51-7072575
41-283-6312,China,2029-09-17,2023-04-22,24-1636595
33-761-0305,Colombia,2029-06-06,2023-05-18,47-7172739
68-437-9736,Brazil,2029-09-19,2023-09-10,98-7999586
03-368-4596,Indonesia,2029-01-28,2023-09-22,97-4253868
40-199-2298,China,2029-12-06,2023-11-06,83-4423005
53-258-7453,Indonesia,2029-07-10,2023-09-01,83-6408179
32-318-0569,Poland,2029-03-08,2023-08-20,15-9711483
43-199-4960,Sweden,2029-12-03,2023-11-26,84-7120363
94-909-2479,Brazil,2029-11-10,2023-09-14,46-3293366
52-555-4001,China,2029-03-23,2023-03-02,39-1299101
62-666-1511,Indonesia,2029-03-15,2023-11-25,44-2278109
23-981-0013,China,2029-12-26,2023-01-20,64-5065207
01-786-7850,Portugal,2029-01-08,2023-03-08,62-3346295
43-049-3175,Nigeria,2029-06-09,2023-06-30,86-3490742
13-612-3490,Indonesia,2029-07-04,2023-05-05,71-7972372
66-764-0498,Russia,2029-10-07,2023-02-11,54-1516362
98-471-5752,Russia,2029-11-27,2023-03-17,23-7823167
79-186-4323,Mexico,2029-05-18,2023-11-29,38-8891110
29-804-9866,Greece,2029-10-23,2023-10-04,25-3104375
82-997-9473,China,2029-04-21,2023-12-07,00-5107768
78-627-4842,Indonesia,2029-01-31,2023-03-20,68-3652021
04-597-3920,Indonesia,2029-07-26,2023-07-30,53-7131360
47-357-7197,Indonesia,2029-09-04,2023-02-01,35-6176630
97-655-2967,Portugal,2029-09-10,2023-09-28,79-2898025
56-456-4597,Brazil,2029-08-11,2023-12-19,09-3439654
56-300-9057,China,2029-08-02,2023-10-14,57-3677687
97-359-4075,Central African Republic,2029-11-15,2023-07-09,42-1989364
54-819-9546,Tanzania,2029-07-10,2023-08-17,93-1596166
25-816-0466,United States,2029-06-30,2023-03-19,84-8313812
40-008-3061,China,2029-07-29,2023-06-21,45-2503381
12-510-0424,France,2029-11-02,2023-12-06,53-4448424
64-761-4662,Indonesia,2029-09-03,2023-04-28,61-6924228
41-735-6338,Portugal,2029-07-16,2023-04-02,91-4481993
82-662-4427,Russia,2029-04-26,2023-01-22,86-5519844
53-478-4696,Colombia,2029-04-26,2023-08-12,71-2542234
52-144-8440,Philippines,2029-08-28,2023-07-20,07-7844472
74-067-5992,Argentina,2029-08-28,2023-04-13,74-3013272
67-119-4155,Honduras,2029-01-26,2023-10-10,27-9961745
33-999-4918,Indonesia,2029-11-06,2023-04-10,24-1293588
55-598-5546,Tanzania,2029-08-13,2023-02-17,99-0462095
74-030-0169,United States,2029-09-09,2023-09-10,00-0264691
15-284-9130,China,2029-08-18,2023-01-30,23-6073847
61-910-7180,Philippines,2029-09-24,2023-02-21,22-3964669
43-153-8720,China,2029-04-20,2023-02-20,31-1166816
06-895-5992,Myanmar,2029-06-13,2023-10-30,07-2082747
65-893-9672,Liechtenstein,2029-10-01,2023-02-12,47-1003397
19-620-3574,Philippines,2029-04-30,2023-05-04,90-4638024
84-082-8633,China,2029-05-01,2023-01-17,77-1359863
02-651-0487,Brazil,2029-09-21,2023-05-16,55-0217646
09-154-0793,China,2029-05-02,2023-11-20,74-2992097
78-662-3732,Indonesia,2029-11-26,2023-01-10,34-6294115
70-566-3062,Bulgaria,2029-12-10,2023-09-21,93-7890599
26-480-4991,Malaysia,2029-07-23,2023-02-09,02-3730418
58-202-6144,Czech Republic,2029-08-20,2023-05-18,16-8940760
37-493-7224,France,2029-03-19,2023-12-26,21-9539716
99-142-1525,United States,2029-09-21,2023-07-05,77-8153315
88-904-1379,Indonesia,2029-09-12,2023-03-19,61-9302114
54-153-7629,Laos,2029-03-27,2023-02-26,10-5348854
17-421-0546,Portugal,2029-10-30,2023-04-27,26-3046984
24-219-3126,Peru,2029-10-01,2023-11-28,55-7347546
93-346-4258,Poland,2029-09-11,2023-03-25,88-6560792
29-042-0465,Indonesia,2029-08-06,2023-02-08,11-9268756
54-409-2070,Colombia,2029-08-02,2023-04-20,44-7904128
55-004-9938,Indonesia,2029-06-26,2023-03-17,29-7599387
81-665-6743,Oman,2029-03-19,2023-09-27,15-3016951
65-635-2121,Poland,2029-03-13,2023-05-26,77-9944443
45-050-7576,Vietnam,2029-09-23,2023-06-12,96-7678719
01-122-7355,Afghanistan,2029-03-06,2023-04-18,51-1160359
05-467-5583,Albania,2029-09-12,2023-11-16,32-1982709
58-652-7392,Democratic Republic of the Congo,2029-05-14,2023-10-28,00-6384418
71-141-4225,China,2029-03-11,2023-04-16,49-0026742
82-332-7741,Ireland,2029-07-25,2023-03-20,96-3318661
63-859-3801,Mexico,2029-07-11,2023-09-21,59-1258741
43-204-3745,Kosovo,2029-03-21,2023-02-28,59-2498420
19-026-2295,United States,2029-02-11,2023-05-27,64-8505963
17-794-8311,Ukraine,2029-07-05,2023-09-05,28-0944707
47-083-9573,Norway,2029-07-10,2023-03-20,03-4711277
99-888-2246,Nigeria,2029-07-18,2023-11-26,38-4273941
71-972-5809,Indonesia,2029-09-18,2023-01-13,89-3471035
10-653-2812,Libya,2029-10-07,2023-07-20,08-4858935
10-964-6678,Mexico,2029-10-15,2023-05-05,74-3754277
39-054-5311,Yemen,2029-10-29,2023-01-12,05-1997863
32-801-8484,Indonesia,2029-01-07,2023-10-29,79-7857169
33-328-9093,Nigeria,2029-05-08,2023-03-19,74-7068384
19-238-1304,Kazakhstan,2029-12-20,2023-03-22,56-5444509
53-178-0532,Ukraine,2029-05-11,2023-08-24,07-0917362
47-805-9638,Mexico,2029-01-31,2023-05-25,30-9231666
32-483-7018,Mexico,2029-04-20,2023-11-22,14-1205211
85-835-6791,Argentina,2029-09-19,2023-12-02,60-3365156
83-877-6775,Kazakhstan,2029-09-08,2023-09-02,63-7518086
41-570-8930,Greece,2029-09-08,2023-05-10,37-5091512
62-604-9321,Senegal,2029-01-28,2023-04-17,47-6423176
76-852-3753,China,2029-12-15,2023-11-24,94-2650972
49-476-1054,China,2029-07-05,2023-01-16,63-2486323
84-002-8851,Portugal,2029-03-07,2023-01-05,34-0833411
79-064-7525,Indonesia,2029-03-25,2023-03-16,85-6527938
38-984-7999,Croatia,2029-04-24,2023-08-30,04-4483384
36-244-9153,Saudi Arabia,2029-01-21,2023-07-31,82-2072777
44-583-6110,China,2029-09-20,2023-05-30,70-0182735
55-145-8904,Indonesia,2029-01-11,2023-08-17,04-6367902
50-958-0834,Syria,2029-12-13,2023-10-03,34-1475280
50-649-6575,South Korea,2029-04-24,2023-09-06,35-2077664
44-547-4763,Portugal,2029-01-14,2023-03-23,50-5678690
34-152-9044,Portugal,2029-10-16,2023-11-01,01-6050362
58-298-1399,United States,2029-07-08,2023-07-08,30-9579132
75-277-5854,Russia,2029-06-02,2023-06-21,40-5322218
11-524-8498,Morocco,2029-10-25,2023-05-01,95-5793847
28-086-6798,Philippines,2029-05-20,2023-11-13,12-0824954
54-451-3533,Brazil,2029-05-12,2023-04-03,28-8133928
93-754-5186,United States,2029-05-13,2023-01-22,29-2542184
11-302-1382,Greece,2029-08-13,2023-05-22,59-0948838
12-260-6083,Vietnam,2029-11-28,2023-03-25,04-9658261
68-808-2281,Indonesia,2029-03-22,2023-07-17,75-5030862
68-990-1031,China,2029-10-20,2023-08-18,24-2890510
92-555-5797,Philippines,2029-11-17,2023-04-15,02-2196573
40-726-3154,United States,2029-10-12,2023-03-30,53-8101957
93-217-1403,China,2029-02-13,2023-06-27,51-0450978
38-676-4751,Ukraine,2029-05-05,2023-11-25,34-2766234
15-141-3077,Maldives,2029-05-13,2023-12-30,28-5148149
45-450-2996,Uzbekistan,2029-11-13,2023-12-02,81-0502403
48-498-0758,Vietnam,2029-12-09,2023-09-27,50-0985047
23-950-2989,China,2029-04-25,2023-09-05,05-2028232
60-178-1488,Russia,2029-02-28,2023-12-24,95-0294131
24-060-0158,Brazil,2029-08-16,2023-08-09,73-1455280
76-261-1097,Brazil,2029-11-15,2023-08-30,33-5297790
50-731-6265,China,2029-05-05,2023-04-21,62-9176733
46-809-6137,Brazil,2029-02-06,2023-03-05,40-2001760
38-332-2516,Russia,2029-12-06,2023-11-07,88-0098953
02-114-2369,Philippines,2029-05-10,2023-11-16,75-5773891
39-696-1570,Costa Rica,2029-11-14,2023-04-16,17-8139764
11-045-0016,Portugal,2029-09-28,2023-10-25,06-0844141
67-962-8947,Honduras,2029-03-01,2023-10-18,82-1616840
51-765-4139,Sweden,2029-09-26,2023-02-16,64-1371672
44-333-6837,Russia,2029-10-09,2023-10-08,99-0416244
92-592-0868,Indonesia,2029-03-13,2023-02-27,13-6522597
24-524-0069,Indonesia,2029-10-29,2023-05-14,11-6185142
77-955-3791,China,2029-03-18,2023-03-11,37-4701353
73-925-5534,Guadeloupe,2029-03-21,2023-08-28,30-2797459
40-547-6043,Portugal,2029-09-18,2023-05-23,80-5498739
57-338-6907,Brazil,2029-11-09,2023-03-27,12-2349623
16-538-3123,China,2029-08-24,2023-02-22,86-5582890
33-711-6891,Mexico,2029-11-13,2023-12-22,00-1818952
06-620-0517,Israel,2029-11-21,2023-12-13,06-3518007
29-886-1208,Spain,2029-03-04,2023-11-28,00-3932249
04-594-3174,Philippines,2029-05-19,2023-09-04,10-1456610
44-306-9164,France,2029-08-21,2023-06-09,73-0178071
13-724-7648,North Korea,2029-04-12,2023-02-22,50-0268377
11-188-7399,New Caledonia,2029-05-04,2023-11-08,33-6617956
96-453-4906,China,2029-07-02,2023-12-10,69-1225338
07-105-6697,Argentina,2029-01-08,2023-03-09,73-9431795
81-468-3670,Panama,2029-09-22,2023-04-25,56-0159837
26-700-5359,Portugal,2029-03-21,2023-03-21,18-9158664
99-957-7798,Russia,2029-10-14,2023-04-22,46-5725876
66-621-8628,China,2029-05-18,2023-12-27,69-6148795
15-366-1781,Poland,2029-10-19,2023-02-16,37-5987343
65-450-9942,Portugal,2029-10-12,2023-10-16,37-4194718
86-799-3399,Indonesia,2029-07-27,2023-10-06,52-6455928
62-173-4837,Netherlands,2029-04-13,2023-01-16,37-9811687
68-908-1798,Bosnia and Herzegovina,2029-10-29,2023-02-07,48-3960472
20-818-2107,Colombia,2029-10-26,2023-01-29,48-3066650
77-363-6500,Argentina,2029-07-18,2023-08-25,75-8859253
50-138-3927,Nicaragua,2029-09-01,2023-08-15,14-1010034
86-545-3662,Kenya,2029-10-25,2023-11-03,10-5434661
99-960-1516,Seychelles,2029-05-15,2023-06-05,61-0098464
17-471-4173,Lithuania,2029-04-18,2023-04-14,17-5968230
67-934-7812,China,2029-04-16,2023-08-06,46-2661885
37-542-6033,United States,2029-09-25,2023-12-07,79-2912468
05-264-3639,Russia,2029-07-03,2023-02-09,85-1041033
32-952-3345,Poland,2029-07-31,2023-10-09,71-6039699
90-694-5166,Belarus,2029-11-13,2023-05-04,17-1647824
37-703-0100,Japan,2029-01-14,2023-01-07,21-1728830
40-485-8991,Philippines,2029-06-10,2023-09-17,15-5931557
50-941-0272,Philippines,2029-02-09,2023-05-01,82-4302082
82-572-0058,Greece,2029-12-03,2023-11-26,04-7586913
58-069-8913,Portugal,2029-03-09,2023-01-20,49-1551438
17-751-8546,Philippines,2029-08-12,2023-11-02,32-5253841
